ds,yhat,yhat_lower,yhat_upper
2015-01-03,1498.4999072547787,-1314.6026102967526,4263.1883469333125
2015-01-04,1164.1529091505765,-1438.3475090589502,3835.5700226463096
2015-01-05,964.0067126543403,-1661.7849614142951,3722.0273345981536
2015-01-06,1232.3700316947707,-1356.9965479883508,4061.130762748847
2015-01-07,688.5914532469604,-1899.6331282782294,3360.563460275031
2015-01-09,612.0751699248304,-2136.8219066145557,3385.6175679230914
2015-01-10,1001.4091157068051,-1709.6278779317115,3760.333990365072
2015-01-11,729.6174122375277,-2004.6247863775272,3402.417187663
2015-01-13,935.3518686997256,-1689.4111653053474,3858.45977634036
2015-01-14,463.6684400845729,-2370.704777438924,3252.4690981558792
2015-01-15,-107.39020009380488,-2915.0180030194774,2687.980659517736
2015-01-16,530.4296070620522,-2139.8067133089758,3270.111826598679
2015-01-18,779.9310850476016,-1925.5466501223668,3519.918336837839
2015-01-19,705.1077180421311,-1949.9977338061224,3377.435720900859
2015-01-20,1095.1059850754946,-1452.8898147038221,3870.5441715211755
2015-01-23,792.8105398002376,-1741.7663728566604,3707.2454731594507
2015-01-26,981.4695755475482,-1611.2037208738975,3593.3358840373685
2015-01-27,1355.9749258975642,-1167.797583307576,4006.530215816212
2015-01-28,902.668150413549,-1726.773991921677,3580.2259720147786
2015-01-30,953.7787363232501,-1725.0500677426512,3539.762573458027
2015-01-31,1378.1647919608683,-1355.486778185999,4060.525395342576
2015-02-01,1121.6039802741884,-1887.4293892750147,3686.8195194913583
2015-02-02,984.12591166252,-1653.101587453301,3614.023234647535
2015-02-03,1299.2249107185983,-1399.8003014096391,4124.914496119014
2015-02-04,785.8145818900374,-2049.1736946292226,3323.476643708296
2015-02-06,721.1530333466137,-2247.5468215123647,3473.6764765583152
2015-02-07,1093.0637534744988,-1657.0177338021429,3821.4546740939663
2015-02-08,789.6404164784758,-1881.659307631882,3576.088533303116
2015-02-11,359.6972472053719,-2675.5330036268565,2972.806451526997
2015-02-12,-282.2612230615405,-3058.4100818926254,2560.8206103821617
2015-02-14,661.2800638577315,-1999.4705943684796,3399.8158765139556
2015-02-15,377.69555517156823,-2379.5816688427667,3088.658345804208
2015-02-16,230.9340429130532,-2469.6688924486366,3089.5625605085283
2015-02-17,555.253330720047,-2293.7080919695077,3296.7555076750477
2015-02-18,69.90122529250266,-2802.1615879574997,2658.9460869322506
2015-02-20,117.01493089476071,-2692.4386636898175,2832.4340521572385
2015-02-21,571.1327992011277,-2376.721978294544,3325.3481845855467
2015-02-22,365.76760591905713,-2175.5527292842858,3035.2549162999085
2015-02-23,300.5598749290575,-2345.022799991875,3104.875859165261
2015-02-24,708.1233487491495,-2011.7923468128486,3493.987211657019
2015-02-27,512.8934815349339,-2294.8140860120197,3325.436403025847
2015-03-01,901.7592129746697,-1924.9090806110028,3537.5416600671665
2015-03-02,895.6348237988262,-1858.8123526868346,3627.11064493858
2015-03-03,1353.3459807415659,-1590.9580106849892,4120.394869000562
2015-03-04,991.4742503372935,-1635.1412305074862,3624.3899883954064
2015-03-05,519.9737463432907,-2174.7626813133743,3243.168532115071
2015-03-07,1780.4800681228512,-848.4483735689623,4601.285648065434
2015-03-10,2045.772818221687,-581.4109045151564,4723.622631552786
2015-03-11,1646.6233085898527,-1133.5695966944174,4159.338749154697
2015-03-14,2271.5482310522475,-418.09415631680827,5091.880915817289
2015-03-15,2060.155088130065,-897.7705478651899,4753.707106845538
2015-03-16,1965.3322905516145,-851.5356352718505,4858.401585073597
2015-03-17,2320.4215329879835,-510.35185572674783,4818.595187273317
2015-03-18,1844.1530049951718,-753.0582274307151,4726.953475083113
2015-03-19,1248.824942327206,-1602.6956529772074,3857.0165713568053
2015-03-21,2243.3996774959996,-507.1574127677933,4864.749622145103
2015-03-22,1963.219530885597,-732.0025579507447,4801.706891074656
2015-03-23,1804.831368570156,-783.8495059291032,4716.506429588588
2015-03-24,2102.5630363777045,-609.7364006253075,4753.117824882393
2015-03-25,1575.9597631906463,-1035.3904253525081,4297.945360391349
2015-03-26,937.9498799666999,-1937.76891079722,3560.980126006695
2015-03-28,1871.666349683149,-890.8859356806688,4497.076620232276
2015-03-29,1573.5889759648285,-1089.8278015459764,4350.707016048163
2015-03-30,1405.5215710647535,-1389.4159130640635,4186.092182348555
2015-03-31,1701.460595222949,-1029.3075745913184,4678.435281661392
2015-04-01,1180.453309945733,-1382.0473332179797,3851.1841552273354
2015-04-02,554.7817357456688,-2230.680774883488,3474.7081259475
2015-04-04,1530.2059729258954,-1073.2710302330186,4407.385095769083
2015-04-05,1259.6687475373124,-1246.2743120552793,4037.5529146155404
2015-04-06,1122.278149000163,-1526.8867203289994,3862.705867419354
2015-04-07,1451.0050701630844,-1289.7231235546913,4261.576332470969
2015-04-08,963.8760155723286,-1723.6763450185845,3703.2262713640816
2015-04-11,1412.2097093364032,-1182.6264278802944,4058.37719682397
2015-04-12,1170.681870507655,-1548.6009374192715,3939.85026258836
2015-04-13,1059.2096599398242,-1413.6323836338133,3871.003450843107
2015-04-15,941.4400610969192,-1770.2040521967717,3732.5116847972868
2015-04-16,363.84114922130243,-2323.26457723112,3154.5457949775614
2015-04-18,1419.1202903171018,-1296.8177270902447,4085.542679549759
2015-04-19,1178.9683014518096,-1491.354688265787,3818.68912869801
2015-04-20,1065.0608440164517,-1673.3086627725277,3871.338436813347
2015-04-21,1410.2593056973685,-1278.4797955831764,4070.8110585638897
2015-04-22,932.7106345732999,-1810.751187031598,3625.298141454306
2015-04-23,344.04470696861154,-2256.4424596965014,3029.2151568982254
2015-04-25,1372.7833849357355,-1434.4900581441925,4207.68036304426
2015-04-26,1118.5112737190132,-1878.2214815270183,3808.748665073627
2015-04-28,1323.2315124685438,-1453.035307519043,4040.278508158964
2015-04-29,834.4901605417753,-1884.6089598736214,3673.962028159818
2015-04-30,236.77287802430737,-2535.7003410580614,2943.0013447360775
2015-05-02,1255.6104624640884,-1614.9412631325222,3918.3028069162624
2015-05-03,1001.1438759032617,-1786.4643362054271,3641.4345872729286
2015-05-04,876.6969833146622,-2017.3814996120304,3532.567233778309
2015-05-05,1215.8462863322293,-1556.2070203969458,3887.998134018371
2015-05-06,737.2995986533482,-1813.521886278448,3336.981738252115
2015-05-07,153.07925061078572,-2565.364308052787,2769.426883993833
2015-05-08,772.5569354924264,-2247.8436368000926,3577.3823602025905
2015-05-09,1207.7189205605573,-1539.1775370304297,4113.428012397916
2015-05-10,974.7904717114886,-1881.9154884948857,3633.0100032219766
2015-05-11,873.6741493766425,-1777.2860246726946,3507.5449117110406
2015-05-12,1237.402839307113,-1673.4339306222557,4127.012166194943
2015-05-13,784.1041310053309,-1994.8748890283487,3667.245988573147
2015-05-14,225.20019284196678,-2468.321174141271,2978.606263113541
2015-05-16,1328.278820819704,-1429.874355230609,3872.0233657806507
2015-05-17,1117.3233656324219,-1668.1516617181646,3906.19316743538
2015-05-18,1035.9801313337202,-1879.4805544929395,3705.206613116811
2015-05-19,1416.824110036526,-1422.272551758255,4374.614658781212
2015-05-20,977.5941212051168,-1856.1762000402996,3512.826255813847
2015-05-21,429.4019781288396,-2434.358580666483,2991.963368991772
2015-05-22,1080.7911806857323,-1566.8343434107312,3877.410368489715
2015-05-23,1543.0232396033798,-1151.2380491248152,4201.418353208862
2015-05-24,1331.7199545033875,-1434.788730002812,4239.2856622260215
2015-05-25,1246.3158807118762,-1545.6063597533137,3994.9378612772775
2015-05-26,1619.5215393569042,-986.6509619246607,4294.255861813168
2015-05-27,1169.2937940519253,-1645.4848398068327,3897.552890365109
2015-05-28,607.0374760188236,-1965.0148129265854,3273.4582602454648
2015-05-30,1684.8202229449653,-1076.0685133878656,4555.717501420726
2015-05-31,1452.6117036982255,-1076.7149465935688,4422.653560121131
2015-06-01,1344.9491529657014,-1317.1309629409393,4182.036909693841
2015-06-02,1695.0448294071703,-1036.3146871651977,4449.837056307161
2015-06-03,1221.3602021930517,-1518.3288967705762,4046.241501431436
2015-06-04,635.7945022807806,-2095.1472294813107,3451.830566363766
2015-06-06,1669.2542950337847,-925.5366536420864,4453.902536799265
2015-06-07,1416.8639316251288,-1362.0452849792907,4294.203252865527
2015-06-08,1290.811945021481,-1340.605890876204,4126.77967308306
2015-06-09,1624.5927118094057,-1273.2147269701056,4209.252471200112
2015-06-10,1136.885707468702,-1545.2809200899203,3976.246916364512
2015-06-13,1557.6391482111185,-1170.1018271610446,4303.0275076042735
2015-06-14,1301.2340769182906,-1377.0146194479496,4100.2179246731175
2015-06-15,1173.5548224169745,-1459.9654186626187,4160.358137048012
2015-06-16,1507.9349553140623,-1298.1513166809154,4007.0066173183823
2015-06-17,1022.8470659098872,-1824.239284741715,3931.3312554637682
2015-06-18,430.096762740701,-2390.012943930577,3028.3349935438437
2015-06-20,1460.996378724033,-1285.0404576888386,4032.1226702437916
2015-06-21,1212.6042658822485,-1699.3310042196408,3812.3971104706866
2015-06-22,1093.543333248341,-1518.51682372735,3603.187570576912
2015-06-23,1436.8539782165753,-1288.6949257615197,3954.068709600947
2015-06-24,960.7327994853629,-1876.4557728304435,3625.865730027637
2015-06-25,376.7339346500362,-2349.448124461883,3306.696194209517
2015-06-27,1423.6432725667776,-1329.8036252212528,3843.1124622060324
2015-06-28,1182.1784139192587,-1545.199798169723,3988.4054979244843
2015-06-29,1069.1730098110766,-1743.2048998131602,3622.0019544712304
2015-06-30,1417.6046458671121,-1566.3598231802503,4303.625509308456
2015-07-01,945.6481669009625,-1711.9710063470823,3710.4353584615183
2015-07-02,364.87486156377736,-2379.5158892413506,3001.1879684043115
2015-07-04,1415.6597107554178,-1409.785545219994,4114.143729453433
2015-07-05,1175.0381212844757,-1635.4010430999995,3862.542188548799
2015-07-06,1062.3121881431891,-1577.6922177521737,3879.4752715025274
2015-07-07,1410.6022261248404,-1442.652203553916,4203.024183747799
2015-07-08,938.2325850739646,-1734.5917190593518,3755.0570915794888
2015-07-09,356.9242662813647,-2441.677493297041,3269.3935352256412
2015-07-11,1406.83613662245,-1420.7563015972692,4331.139453469788
2015-07-12,1166.1230234462944,-1491.8284135195183,3946.3355687428993
2015-07-13,1053.6672086766491,-1658.8566559197066,3633.741915988901
2015-07-14,1402.6578713635224,-1415.5158602647182,4333.730322177789
2015-07-15,931.4614743737992,-1946.8405031330076,3652.656456158747
2015-07-18,1406.426752089925,-1198.186309744472,4206.442377662251
2015-07-19,1168.6516217294215,-1563.8386894154596,3738.488474823539
2015-07-20,1059.4197607453552,-1751.0428981535701,3735.9956752970406
2015-07-21,1411.8197072630442,-1383.0452957882105,4227.042380306177
2015-07-22,944.1058746306209,-1803.1994461040995,3710.886277843115
2015-07-23,367.8956090049978,-2600.570501889287,2816.4697842376036
2015-07-25,1428.783999366572,-1430.6332718566955,4093.772817734772
2015-07-26,1193.6329491065203,-1369.2529098516552,4002.5996641291936
2015-07-27,1086.5657121923985,-1585.193934717194,3751.635089601658
2015-07-28,1440.6093130545826,-1309.5185743354082,4219.038573245306
2015-07-30,398.2989080411196,-2120.3068445125914,2962.873719448379
2015-08-01,1458.6965424864425,-982.1022130539445,4204.521881160053
2015-08-02,1222.6832543327257,-1150.3453371756507,4053.779122762235
2015-08-03,1114.5007665976784,-1770.433976639542,3957.8655917016
2015-08-04,1467.3333344449143,-1348.197798980958,4293.245582789449
2015-08-05,999.5844614949578,-1775.1256938993533,3601.443979172917
2015-08-06,423.07289915290994,-2431.559203949951,3043.7935233021635
2015-08-08,1483.6071089793502,-1225.9073823751594,4060.477165612612
2015-08-09,1249.0309312573097,-1546.9447827327392,3991.337336080129
2015-08-11,1500.4606403825292,-1131.5336305075928,4235.762635950994
2015-08-12,1038.4837526964109,-1764.8271090390103,3877.5476698043067
2015-08-15,1551.3841260265317,-1298.1243152767242,4265.166786748776
2015-08-16,1330.63868419302,-1411.1035472585195,4019.257962919527
2015-08-17,1241.1148175967153,-1494.5053842241628,4073.710644588151
2015-08-19,1174.3481972593056,-1452.5391512682745,4065.5827174000437
2015-08-20,627.4648786504551,-1834.2186316862224,3321.140429302002
2015-08-22,1758.052228190986,-1055.8095218750007,4561.732251191985
2015-08-23,1563.496817215302,-1241.3434001796525,4428.9772261832595
2015-08-24,1500.9000558917014,-1163.0033251620544,4201.980630954721
2015-08-25,1903.231385743064,-825.9956374814765,4536.507170075133
2015-08-26,1488.5719915535576,-1164.1318771883111,4317.508584367042
2015-08-27,968.310152388599,-1699.5037301214063,3686.0598029218613
2015-08-29,2148.575662463264,-422.61521043358664,4859.873715179116
2015-08-30,1976.1088876835938,-762.7652910288926,4611.51813456431
2015-08-31,1933.1321862455316,-1015.941883567425,4572.142778577237
2015-09-01,2352.160668449718,-270.10291698712604,5041.2801204222815
2015-09-02,1950.8496413636612,-827.5731714735459,4627.215186436215
2015-09-03,1440.1985702518546,-1467.0438992870963,4195.702696080335
2015-09-05,2627.149844871212,-136.27683591694424,5341.967360345745
2015-09-06,2451.233228676155,-279.05456605892084,5122.697915926878
2015-09-07,2400.0307579242244,-192.90761844297202,5355.269967665414
2015-09-08,2805.9553594282365,-84.70387356210131,5535.544063590725
2015-09-09,2386.6304634670378,-423.17241019664124,5183.938840821312
2015-09-10,1853.095515084549,-895.6813374013187,4611.938070010546
2015-09-11,2513.8606472412375,136.66165517700293,5197.85785679951
2015-09-12,2980.1888503560176,310.63297690807195,5625.785558237587
2015-09-13,2767.734165950177,308.28760772788075,5627.156005103853
2015-09-14,2675.9903528710956,120.11485809029772,5347.180319272693
2015-09-15,3037.750755421409,310.09356275889195,5768.778718151631
2015-09-16,2571.075950217985,-141.57354761053926,5338.273303728532
2015-09-17,1987.4933727123905,-685.0377578489904,4858.948526591755
2015-09-19,3008.5646134032218,180.8583355472482,5555.378402564064
2015-09-20,2741.3041066372434,152.56121432328814,5355.6299786809695
2015-09-21,2594.3787381101524,-156.71202647699968,5211.713588849149
2015-09-22,2901.2168468840982,117.87540133776955,5750.199025761656
2015-09-23,2380.5199220676077,-407.2612141261838,5086.919287589198
2015-09-24,1744.454262365743,-940.5857875451816,4559.452143046382
2015-09-25,2302.6912709491794,-385.86823644401255,5036.883717743656
2015-09-26,2667.674922484088,-203.33030375388952,5541.378040944317
2015-09-27,2356.245138579381,-223.16890074063895,4996.1656876870165
2015-09-28,2169.0716920502937,-425.80440277919024,4880.975436112515
2015-09-29,2440.0995426544923,-321.7543837711981,5326.493376243323
2015-09-30,1888.5023309140352,-714.3270205851774,4332.77153493691
2015-10-01,1226.868364892162,-1651.954856490556,3949.2400780970397
2015-10-02,1765.2357323750043,-985.4100344079238,4731.9855709327585
2015-10-03,2116.355097334244,-605.6753528020455,5036.328578104207
2015-10-04,1797.3089373971532,-1001.8647561787723,4431.229329005055
2015-10-05,1608.9418635611055,-1175.3178465473077,4338.009478554208
2015-10-06,1885.3029476744955,-679.4028692841603,4971.443315938399
2015-10-07,1345.5968104132562,-1386.9939678879996,4103.216765977321
2015-10-08,702.3678349763753,-2169.777547501059,3409.014526640353
2015-10-09,1265.5341738552474,-1411.0558527140283,4000.142833557507
2015-10-10,1647.6501469935008,-1016.7253669811627,4542.265302882301
2015-10-11,1365.5258311912253,-1328.8976909303017,4191.838953873087
2015-10-12,1219.6585277704044,-1532.8791753074324,3966.8813787735035
2015-10-13,1543.6770804473372,-1247.0370475076902,4278.203806840779
2015-10-14,1056.2958411382065,-1579.847620662389,3557.927323350989
2015-10-15,469.5026896518575,-2237.4954549535387,3144.2308059384527
2015-10-16,1092.5978082463523,-1425.4986441533933,4124.631270765232
2015-10-17,1537.4618324745702,-1122.6932538699148,4241.809111508714
2015-10-18,1320.182187754817,-1290.935016505929,4086.3657662778855
2015-10-19,1240.4922912531742,-1465.3006947334968,4050.2540284099045
2015-10-20,1631.224563805529,-1221.8873686040486,4498.3396728071
2015-10-21,1210.2740003886206,-1515.4130090288202,3990.32541064764
2015-10-22,688.7966279065326,-2071.14988568458,3286.174710047038
2015-10-24,1880.7204108590943,-720.4416111135347,4595.272078207835
2015-10-25,1720.466905242407,-897.7249680585367,4491.415609062478
2015-10-26,1693.4675513814607,-975.8087590434147,4696.284792843933
2015-10-27,2131.837749753422,-635.1267638236501,4729.259474006119
2015-10-28,1752.8156814135164,-1027.0399099230528,4464.308261450916
2015-10-29,1266.97279194224,-1427.5089437600122,3965.621499145771
2015-10-31,2509.3736574080513,-213.91031211946708,5360.78761621292
2015-11-01,2363.2522730897867,-183.6516593570692,5138.560698878426
2015-11-02,2342.6872145149287,-476.02323130570056,5011.443680450318
2015-11-03,2779.718916936122,-134.7122131725412,5546.40563314163
2015-11-04,2391.6322843592816,-349.4842684920987,5215.566062840754
2015-11-05,1889.169385588999,-747.9977214328947,4613.749717257225
2015-11-07,3076.9633629167847,230.32690927780956,5691.467049549475
2015-11-08,2893.80373775929,325.5663615199252,5600.417677178507
2015-11-09,2830.5302061303737,-1.6262030647076169,5312.963999303277
2015-11-10,3219.925050942272,499.1230971236027,6039.491562438049
2015-11-11,2780.1028299843492,62.264120278116714,5648.630346475649
2015-11-12,2222.708960224283,-441.0218279578715,4933.006594776451
2015-11-14,3294.9387578220585,470.53001448905735,6016.608276380174
2015-11-15,3053.1686497110886,438.77897365064655,5814.1840401620775
2015-11-16,2932.0956096129394,252.53096221369086,5785.117308700783
2015-11-17,3265.504790618533,453.4003258652216,5955.590209198793
2015-11-18,2772.4731202328767,120.91283209365226,5617.570658027075
2015-11-19,2165.5474811830504,-577.6084530202972,4916.075417948897
2015-11-20,2754.7703546015828,-6.269674904208891,5342.465467744032
2015-11-21,3152.9317831066915,382.9334764886818,5922.295565472076
2015-11-22,2877.1767587447266,220.42742353043906,5600.679478895292
2015-11-23,2728.4230656412874,-62.122801935323224,5402.899983559894
2015-11-24,3040.7909208035053,239.8646277496182,5734.9625261340025
2015-11-25,2533.5416010456756,-229.8664690377388,5204.675437970242
2015-11-26,1919.2498607912553,-979.9790653152409,4488.141136759634
2015-11-27,2507.8272384401325,-192.77405175804682,5176.719223948422
2015-11-28,2911.7752572492673,30.404680511887857,5347.2403447943
2015-11-29,2647.7976921300688,158.73055543783397,5452.202147118882
2015-11-30,2516.2269124719764,-96.58652476267888,5273.1848967912365
2015-12-01,2850.4655359986973,-60.010343749248946,5523.813573656822
2015-12-02,2368.9403846583737,-337.7643292143707,5108.904387781344
2015-12-03,1783.2932676695698,-953.268663065467,4629.343164460655
2015-12-04,2402.4253049002527,-370.3609475218058,5121.128130843138
2015-12-05,2837.773394624013,353.25891760124466,5392.383482893377
2015-12-06,2604.947452104693,-76.74094358613569,5500.564271437629
2015-12-07,2503.18288664548,-169.055644102375,5180.72436775874
2015-12-08,2864.8089440536173,-47.46925263980068,5601.222721763181
2015-12-09,2407.2292727822137,-317.9635890191307,5044.0429908219585
2015-12-10,1841.1385891190216,-942.4598458142927,4663.283106090232
2015-12-12,2918.301638673439,59.82156108183227,5511.425030565586
2015-12-13,2687.2985472695455,-56.3587184222475,5446.788413262606
2015-12-14,2580.39728611725,-207.58557147079628,5146.09123510309
2015-12-15,2929.6798583329655,212.97398298666926,5596.292131047176
2015-12-16,2452.485056149959,-372.4448338541979,5387.490253275228
2015-12-17,1859.6300875429088,-914.4328328776099,4591.8755281491
2015-12-19,2863.242049086354,213.56968134534097,5647.839584567344
2015-12-20,2586.615200342122,-48.931928646650455,5255.023090540907
2015-12-21,2429.2453127809986,-371.59749838116045,5264.5663011515
2015-12-22,2724.189898841534,-179.46272117968488,5322.560706012222
2015-12-23,2189.8866824478755,-565.3054253643041,4669.951745102114
2015-12-24,1538.3506808854436,-1132.1599598862165,4389.303607098567
2015-12-26,2425.0018268734457,-376.9504361417912,5117.970863614883
2015-12-27,2092.7283738711812,-677.9475047691426,4887.546689626353
2015-12-28,1883.3426113369574,-837.8053648553874,4644.977565605439
2015-12-29,2131.149911343242,-499.20265345992317,4944.20934211561
2015-12-30,1555.751738573091,-1212.3901911641105,4304.553951731585
2015-12-31,870.2131840257566,-1836.090017361522,3496.617680901945
2016-01-02,1713.6080189852216,-1011.4818395841559,4494.70074195747
2016-01-03,1373.3832734826342,-1400.6367498463844,4419.993298475052
2016-01-04,1165.7066758275546,-1500.2221110082967,4031.3361906519226
2016-01-05,1425.02637898874,-1441.1364211441207,4191.043409844144
2016-01-06,870.8663832920436,-1992.4740798709847,3473.2249390871452
2016-01-09,1146.7227538342997,-1601.882638115826,3774.2995722896094
2016-01-10,861.5249220233595,-1659.3719804989248,3890.2599569167633
2016-01-12,1040.5002436464997,-1581.7432311234902,3743.3915984827404
2016-01-13,556.0364530415422,-2035.9163128686127,3167.9509168478976
2016-01-17,831.3242428888381,-1959.5910111186117,3539.4770034242447
2016-01-19,1135.040701936603,-1413.096624225751,3870.793693992889
2016-01-23,1304.624819058703,-1087.361668531174,4007.6622738017245
2016-01-24,1105.8211414179086,-1584.5800919144526,3992.3777390964615
2016-01-26,1413.7374691134878,-1261.4204753438416,4155.215005250795
2016-01-27,969.3310086529896,-1792.8494785782814,3666.045482403442
2016-01-28,409.01908985039677,-2230.3088301880516,3168.527212719105
2016-01-30,1476.5993686261686,-1498.96559437897,4340.05451001363
2016-01-31,1231.3695000265616,-1556.5775972383142,3835.8131022995603
2016-02-03,927.5615504569719,-1789.6816008901055,3772.0997150941407
2016-02-06,1257.7981005190563,-1710.7343159180432,4087.9209873253612
2016-02-07,958.9171515495328,-1669.2840758365433,3752.6409647609094
2016-02-08,784.2379737819048,-1953.231083789326,3548.8816831930358
2016-02-09,1068.3420129103363,-1856.9537881541553,3959.18196575284
2016-02-10,531.0890771763106,-2264.7977902856264,3407.8677605923563
2016-02-14,523.8838035466678,-2309.8575071095247,3048.4774322314115
2016-02-15,366.31218816730075,-2322.9565662243226,3023.320961076702
2016-02-16,678.3638102441687,-1921.9847913876233,3505.5540805299684
2016-02-18,-417.5282308428168,-3006.498271965493,2341.3952914284205
2016-02-20,635.7545460360368,-2043.8835122545522,3221.7419212373698
2016-02-21,414.8881644031619,-2270.9603823488465,3185.0027506559936
2016-02-22,334.45412365493485,-2321.325642238701,3199.307518581481
2016-02-23,727.3774870248626,-1989.2051989781685,3312.771614108129
2016-02-25,-202.1305408646358,-2933.6031421461826,2587.957693557734
2016-02-27,1012.4842057598323,-1745.380124946159,3766.2338636670324
2016-02-28,866.2631267107834,-1891.247574662654,3746.17178344815
2016-03-01,1308.4766842216554,-1597.6883416486544,4164.421782557284
2016-03-02,945.0974483120214,-1897.2782011524687,3630.0344537872375
2016-03-05,1742.327741462924,-832.2680359971605,4495.29371561275
2016-03-06,1605.8395244369326,-1094.2732270519302,4319.177814641656
2016-03-07,1592.1587500976404,-1175.5190048657182,4265.429651071958
2016-03-08,2032.9638973251745,-706.0178500954096,4738.993614673534
2016-03-09,1645.2666108710318,-1013.4223566575948,4241.77881981494
2016-03-10,1139.631230965792,-1645.3728260055518,3935.709737688866
2016-03-12,2310.179402506232,-498.642449332061,5176.5285793224775
2016-03-13,2113.0838994361234,-835.6349772539731,4840.641030349129
2016-03-14,2032.5783468874497,-638.7310449485016,4584.849288772912
2016-03-15,2401.7330198949894,-542.1874190695925,5347.990010421287
2016-03-16,1939.020132967038,-554.3204370724843,4882.483442536014
2016-03-17,1356.4989670220464,-1322.8303318132914,4168.916011582241
2016-03-19,2373.6098509742933,-467.1948253407597,5159.30615299037
2016-03-20,2102.8176019470984,-637.9637666031172,4755.161906894446
2016-03-21,1952.392083134847,-626.1128475499042,4568.494494350266
2016-03-22,2256.5772166338324,-486.9768334797723,4878.7917678295
2016-03-23,1734.87293615851,-976.8188658569202,4599.493836043235
2016-03-24,1100.1963255171745,-1681.1596171225601,3966.8659902101904
2016-03-26,2036.0214769782124,-689.5127611038287,4855.2866480255025
2016-03-27,1736.8719104980712,-1218.1216406011113,4499.530684821266
2016-03-28,1566.4653447537312,-1123.8762423534715,4345.430008971009
2016-03-29,1858.942445733309,-708.8918747519862,4827.769806622715
2016-03-30,1333.5143339486146,-1489.9593396514801,3994.0856767742016
2016-03-31,702.6416940565558,-2212.713646725713,3614.5102915454404
2016-04-02,1666.081179156842,-1041.8480704207418,4377.439156439306
2016-04-04,1245.336739224645,-1551.607683115848,4063.8025244186183
2016-04-05,1567.802222786806,-1280.3851045263916,4302.180187767774
2016-04-06,1074.7305781657026,-1779.8469779208162,3793.5057887902044
2016-04-07,477.55801739382014,-2317.3931507475963,3265.9677966528134
2016-04-09,1508.47894334318,-1298.9960242857283,4346.485828650141
2016-04-10,1263.4972945786922,-1687.7354131418044,4073.133996602381
2016-04-11,1149.3747328245458,-1693.2483493604918,3791.393921645799
2016-04-13,1028.7669554443928,-1659.8786825832294,3849.176159874916
2016-04-14,450.941541749969,-2209.9711390445923,3269.171514752347
2016-04-16,1507.8789508275142,-1309.8691355858157,4254.1834734807835
2016-04-17,1269.4414410412382,-1283.992294949836,4009.5671130471324
2016-04-18,1157.6986055271307,-1633.2973201906127,3833.056338004822
2016-04-19,1505.392200245464,-1272.982625397664,4113.487464123305
2016-04-20,1030.5425104507751,-1883.3209190722598,3622.1863130706092
2016-04-21,444.6496814760685,-2424.9456737113787,2949.64486829242
2016-04-22,1056.7415181504693,-1826.37659599779,3675.76922851003
2016-04-24,1226.6189252181841,-1507.9095892903845,4090.2269769577506
2016-04-25,1100.7764665812788,-1741.4066231561687,4041.090266405567
2016-04-26,1434.5419645346685,-1214.8324018987628,4200.403358255976
2016-04-27,946.5956887911557,-1738.6039461392122,3575.5727593593906
2016-04-28,349.05714945776845,-2371.1230181274645,2905.5866773064927
2016-04-29,951.5152862765985,-1772.0472576102206,3860.440525850453
2016-04-30,1366.2857047839864,-1488.60017474663,4148.400959591494
2016-05-01,1110.024106645471,-1525.7549787341457,3903.489417234543
2016-05-02,983.1509476215134,-1657.504035909202,3692.9231745760717
2016-05-03,1319.288628232151,-1326.7141410146012,4076.707277255174
2016-05-04,837.2083229222529,-1736.2941046948279,3613.346001098788
2016-05-07,1294.744456935195,-1527.511998449251,3949.406232443042
2016-05-08,1057.0974977401918,-1570.6662573548765,3826.5581766328596
2016-05-09,951.235252427678,-1778.009848578306,3618.4233614563777
2016-05-10,1310.3297715809601,-1476.8082789119962,4257.806801659608
2016-05-11,852.5950966039359,-1861.2958403899277,3745.6182623925274
2016-05-12,289.55970726318014,-2401.242417473604,3274.465395699618
2016-05-13,930.0902517860329,-1909.9323881087948,3663.2536869892865
2016-05-14,1385.6708805521182,-1397.2339537354078,4069.411391413043
2016-05-15,1172.0414354099125,-1737.657195205049,3801.212231678769
2016-05-16,1088.6487748199186,-1586.523864767431,3878.329998908611
2016-05-17,1468.1117503255941,-1303.638610519886,4256.36408922457
2016-05-18,1028.196137365513,-1869.0006664050334,4019.4696218367544
2016-05-20,1132.1295001463807,-1728.0254768926018,3760.0750574313297
2016-05-21,1595.7517162598338,-1053.6087343406143,4483.094634674328
2016-05-22,1386.4719770147672,-1227.529859756245,4279.642977367325
2016-05-23,1303.6706959342014,-1419.2897444323557,4104.667960135249
2016-05-24,1679.9917382979122,-1126.0643590724317,4373.5983834909275
2016-05-25,1233.3148435178946,-1607.0324068697269,4159.9286282793655
2016-05-26,674.9595257765542,-1960.3295324533967,3351.811132357922
2016-05-28,1761.2271899761886,-1198.9778803568706,4374.127724613079
2016-05-29,1533.4132708589684,-1296.6850197541721,4102.736761593972
2016-05-30,1430.1218513127812,-1235.268407845366,3894.116488027357
2016-05-31,1784.4760951145122,-854.4937076856182,4447.53610344136
2016-06-01,1314.8546724355767,-1556.4565796613688,4258.309027556891
2016-06-04,1773.0708675968417,-886.7453891839308,4673.504821461074
2016-06-05,1523.3209658942064,-1134.009033859812,4126.563166019173
2016-06-07,1734.938605359744,-1152.8287299389756,4453.070579992255
2016-06-08,1248.460635200924,-1540.170439152958,3982.957480034535
2016-06-09,652.0758801867427,-1970.7580611010935,3307.2367079353126
2016-06-11,1670.1763429494656,-991.1545395441341,4482.728439763092
2016-06-12,1413.2832775622483,-1395.1900354816175,4006.5907596230277
2016-06-13,1284.7824930606882,-1519.3901401390901,3850.8684624076363
2016-06-14,1618.0593165845953,-1158.8509965520182,4523.135908985095
2016-06-15,1131.6417854310869,-1564.6814146688635,4019.6769720633374
2016-06-16,537.3928175659042,-2292.807312249155,3370.2418256451137
2016-06-18,1565.0158763725285,-1253.8627511667853,4387.158244641889
2016-06-19,1314.9540795315545,-1488.5910101819245,4102.439847058246
2016-06-20,1194.2678680958338,-1362.8940910061397,3940.4964935680005
2016-06-21,1536.0396531673705,-1110.323574230136,4211.781413126364
2016-06-22,1058.50126531276,-1650.6995710512074,3695.671576160579
2016-06-23,473.23460707409413,-2421.366145744652,3272.6482899928724
2016-06-25,1518.1281535590565,-1260.8807943948416,4323.690864708469
2016-06-26,1275.9311957093887,-1255.1799292133073,4046.739573755977
2016-06-28,1510.464199371096,-1185.9561798857844,4283.5580964280025
2016-06-29,1038.302046624999,-1706.4626678917,3467.8869168314923
2016-07-02,1508.3972664612786,-1423.4156957571959,4454.344994462382
2016-07-03,1267.9460243641033,-1352.5719797032448,3972.688115161572
2016-07-04,1155.413363826523,-1503.5567432942487,4083.4253271829566
2016-07-05,1503.8915732536707,-1425.4066090877457,4038.4808959382267
2016-07-06,1031.679224881084,-1793.9141298106397,3717.691041931546
2016-07-08,1069.419065258458,-1638.938000871842,3826.0721583105556
2016-07-09,1500.365087292911,-1473.4060955473785,4095.0292140055117
2016-07-10,1259.5042322638856,-1409.5263433505984,4120.274024504389
2016-07-11,1146.8033400429563,-1603.1024979657743,3935.173441618635
2016-07-12,1495.4537957403077,-1197.1433432217284,4293.790669757618
2016-07-13,1023.829425712277,-1613.4017494005918,3907.4317996185487
2016-07-14,443.6776413955531,-2201.6569390921222,2999.2680513300465
2016-07-16,1497.124702534222,-1143.1543629360017,4462.827859977385
2016-07-17,1258.7281808963576,-1626.4154540672557,3908.0179173057545
2016-07-18,1148.879871471756,-1618.3695094984053,3977.901849007198
2016-07-19,1500.6916640070492,-1239.3058486007524,4156.828790860772
2016-07-20,1032.4403945389618,-1868.7688892820727,3795.9564765637106
2016-07-23,1515.997665745912,-1193.1947784620095,4341.294129516781
2016-07-24,1280.6798457401605,-1698.6492131257764,3927.9607871711264
2016-07-25,1173.5581746886241,-1358.8784392522348,3771.8552405106802
2016-07-26,1527.65616475144,-1210.7592515636582,4377.120384940891
2016-07-27,1061.1831818891917,-1715.1653240597302,3832.246080350039
2016-07-30,1546.7549198536244,-1130.3055527016056,4141.760448468161
2016-07-31,1311.0656934457195,-1373.442257977594,4095.7803686378384
2016-08-01,1203.1661014837016,-1336.2297235603971,4025.1245196412647
2016-08-02,1556.1984913746555,-1303.084080255768,4175.144467873549
2016-08-05,1135.5972646862167,-1608.1886628922828,4059.09418429186
2016-08-06,1571.5490349465986,-1260.1284304355688,4251.16210227946
2016-08-07,1336.0941524977925,-1664.9279779888366,4040.54933521741
2016-08-08,1229.3613578467011,-1462.9846723770788,3941.769381669134
2016-08-09,1584.729632500475,-1023.8579719510466,4135.966062594639
2016-08-10,1120.785769052723,-1515.4626691900748,3853.525701965547
2016-08-11,549.5140369885396,-2107.57701141768,3116.7676340713465
2016-08-13,1625.3694019221587,-1150.3594640505148,4373.487087445062
2016-08-15,1307.6210331825534,-1483.4709770077013,4165.864957029149
2016-08-16,1678.4444697555443,-696.3675971132466,4788.886636921364
2016-08-17,1232.0941134591892,-1454.0428710320462,3807.7532732948057
2016-08-21,1601.93165864431,-1035.5089208697952,4312.493995624005
2016-08-22,1534.505772560861,-1289.8515915889036,4143.795245081445
2016-08-23,1932.1769326883161,-855.0956605639919,4846.196730506084
2016-08-24,1513.1160854938812,-1333.952935867812,4302.918996096884
2016-08-25,988.8014335758945,-1773.6309647696494,3699.1237951502835
2016-08-27,2162.357199096762,-742.4660555359607,4939.054311915844
2016-08-28,1987.3984060658242,-727.2737749526661,4680.684647141341
2016-08-29,1942.6048363435348,-643.1763971046428,4758.660122287388
2016-08-31,1958.964929729998,-774.2625743348681,4559.2173787364245
2016-09-01,1448.873881985411,-1255.2345351755027,4270.34498160044
2016-09-03,2639.588151359948,70.25018148603762,5365.081948257768
2016-09-04,2466.903233355332,118.81897068519939,5206.25030799248
2016-09-05,2419.8298469150277,-357.2106516438383,5402.282294489126
2016-09-06,2830.762206250875,79.28035590137223,5381.207207343703
2016-09-07,2417.291845219441,-147.22537525768817,5206.884371541587
2016-09-08,1890.4134992228314,-678.8479455177064,4834.447495652633
2016-09-10,3032.98698098085,132.3197241995294,5817.561624903534
2016-09-11,2829.2084563050166,242.59362280152172,5643.484724580146
2016-09-12,2746.6501162157574,130.42141949195522,5386.750540728741
2016-09-13,3118.0086232204144,459.5575561217301,5753.68586662186
2016-09-14,2661.2409171323643,182.02696350079444,5367.640256153092
2016-09-15,2087.7652203058724,-728.1768499847273,4841.756260359469
2016-09-16,2706.510589354851,58.09999552991217,5530.251293235659
2016-09-17,3129.193447138432,426.0123839485264,5957.663799159429
2016-09-18,2871.9497413008694,128.99584307552334,5356.143722670127
2016-09-19,2734.7772730432034,-26.459332488080815,5581.921625626203
2016-09-20,3050.9890344363967,442.0039439234253,5936.981660150955
2016-09-21,2539.174227897366,-441.0236216201929,5127.225154727467
2016-09-22,1911.3912593042462,-816.5887528340257,4698.706279456882
2016-09-24,2848.9769569552564,221.31391271917357,5605.122283891945
2016-09-25,2543.446749296346,-345.60770897956917,5232.662912545525
2016-09-26,2361.2100593106716,-510.2612088859803,5137.00761817175
2016-09-27,2636.1434040465556,122.90762942043429,5390.091463671025
2016-09-28,2087.362782484734,-864.9362972920908,4770.75262612824
2016-10-01,2316.732716247696,-476.06956896131504,4932.545826009289
2016-10-02,1995.8115729570743,-753.2288375227018,4704.125270767165
2016-10-03,1804.3774370675685,-1051.9822507202,4473.828445303226
2016-10-04,2076.498898221058,-924.9933928901889,4808.805181520391
2016-10-05,1531.4139985761642,-1191.3510726481436,4375.4987975879485
2016-10-08,1811.3788279838952,-815.9894409295283,4719.5823004683825
2016-10-09,1520.041277226364,-1078.9071229825522,4372.681516861596
2016-10-10,1364.1911516203322,-1534.5507978094302,4185.699349308307
2016-10-11,1677.5683054425176,-1105.3478253813394,4363.103021643264
2016-10-12,1179.008547941171,-1552.5872104089935,3889.123332865981
2016-10-13,580.6304802970889,-2113.9948777851914,3386.008907421647
2016-10-15,1624.7614236386762,-1221.9435468149238,4417.209637564359
2016-10-16,1395.5330665699616,-1334.261994582032,4115.538658356264
2016-10-17,1304.073601867365,-1669.5302461020572,4059.9138901212136
2016-10-18,1683.3685296046995,-1076.5001010546916,4290.688433925154
2016-10-19,1251.46450491875,-1566.410491367844,4028.5222894487056
2016-10-20,719.6655575542835,-2042.0252901107153,3532.248469173549
2016-10-22,1893.4017295560159,-928.3886173567191,4762.904946516448
2016-10-23,1725.539097291713,-950.5415804804027,4543.803485855958
2016-10-24,1692.0717599008585,-1006.7537550900016,4359.12324004192
2016-10-25,2125.210430412786,-712.5438260421694,4914.63229966015
2016-10-26,1742.2716227249673,-993.5272851692007,4671.3093724581195
2016-10-28,1968.0599411834405,-891.9479830828511,4826.834097136799
2016-10-29,2495.4611633375143,-222.26059887273078,5270.00728950086
2016-10-30,2351.0692387712497,-384.8034272629286,5117.12227107375
2016-10-31,2333.6328866392428,-307.73425874619784,5097.946749077302
2016-11-01,2775.1420112634414,269.33652846771946,5542.28681850838
2016-11-02,2392.8083330448126,-219.33217593558095,5279.304191991846
2016-11-03,1897.2788786647218,-1045.6431904647975,4697.382618508152
2016-11-05,3101.9997090789493,355.2907351272749,6034.888717202417
2016-11-06,2928.5476140288683,103.17496979552826,5746.1430342112535
2016-11-07,2875.5950316775193,140.27286977602444,5846.397211648744
2016-11-08,3275.747403118154,579.3018004620641,6248.702143682338
2016-11-09,2846.9343880209617,-8.75526921118831,5609.190113307815
2016-11-10,2300.6119575201815,-523.2697272877695,5324.758938405793
2016-11-11,2945.8113461013454,467.465872276566,5362.568264688243
2016-11-12,3394.413174535745,668.9617822629376,6139.144251963534
2016-11-13,3162.7753096056977,406.14965124232486,5957.615029260577
2016-11-14,3051.168971139243,365.2030948311058,5795.995913323353
2016-11-15,3393.2239443426524,664.7191757746384,6059.503555886591
2016-11-16,2907.8796471786827,223.30429729394137,5792.420794354533
2016-11-17,2307.566479352151,-438.76602862118017,5192.241203160029
2016-11-19,3304.6064247650693,523.6830451606994,5977.41732299598
2016-11-20,3031.789351849198,338.3074062185312,5643.608582302591
2016-11-21,2884.8178681369773,382.8656126746597,5467.931063273715
2016-11-22,3197.7056283639054,301.9203347982504,6022.833452809035
2016-11-23,2689.7635114035993,-245.7829807564126,5585.625485456408
2016-11-24,2073.6446146677004,-914.1226539269666,5006.0044703310205
2016-11-25,2659.3660886304065,105.42649470232061,5438.008452161723
2016-11-26,3059.560202638677,331.7704934655099,5854.914708170449
2016-11-27,2791.08384740611,251.27564968492348,5731.759055792134
2016-11-28,2654.4415344504414,90.59910942033267,5444.332924783903
2016-11-29,2983.223193375131,412.89222854668543,5763.143022373168
2016-11-30,2496.0538381524557,-250.83625165222566,5299.6538230512515
2016-12-01,1904.7797166645194,-746.9742428063898,4687.781485731314
2016-12-03,2948.877146817672,504.34819958967444,5627.672827534445
2016-12-04,2711.691352969004,122.87062659825729,5549.584004174363
2016-12-05,2606.365943772703,-166.1500916530286,5510.989949349442
2016-12-06,2965.3921728103205,219.46676228159382,5640.476036168208
2016-12-07,2506.3132763288327,50.23986859591928,5418.652442030834
2016-12-08,1939.9373129375044,-792.5827045252476,4837.122252499339
2016-12-09,2574.4027603009154,-87.22074335314117,5304.088266245916
2016-12-10,3020.4749011021186,198.1583847081611,5708.640710175453
2016-12-11,2793.201150696206,107.28055525222591,5421.0937787331195
2016-12-12,2691.3792965140947,252.38335214463856,5693.293726679163
2016-12-13,3047.03884866899,476.1744054190713,5974.108318165235
2016-12-14,2577.431487765776,-98.87842633965938,5394.679466379263
2016-12-15,1993.2541826694462,-859.6171888801146,4627.539660680506
2016-12-16,2602.720843740395,19.89550486943961,5165.032258354468
2016-12-17,3016.860315318705,523.875800586215,5901.162575850157
2016-12-18,2751.168737387657,257.5915675469406,5570.08999643187
2016-12-19,2605.070235137524,-185.93184609323123,5147.253244717745
2016-12-20,2911.3862383324113,-39.60355142287128,5721.122668134532
2016-12-21,2388.309632345933,-375.07469810796186,5057.824535097695
2016-12-22,1747.607639587563,-1027.7278603233676,4503.7139109587815
2016-12-23,2298.669726844517,-363.31491099289923,5009.478431675882
2016-12-24,2653.7788673595323,-219.1616074858904,5412.915564450487
2016-12-25,2329.7347961248042,-526.9955667047228,5153.617908781762
2016-12-26,2127.2838952564994,-695.6149493651724,4912.512195303333
2016-12-27,2380.5567432206535,-231.83785775438878,5348.966705461876
2016-12-28,1809.0102976533763,-799.7218204500883,4441.442361569197
2016-12-30,1640.7946508671857,-1015.6004157254457,4526.042995121082
2016-12-31,1967.8258344077658,-720.7512779889674,4600.475920491744
2017-01-02,1411.5103572404273,-1226.4634974831758,4133.2236761622435
2017-01-03,1664.1569787943356,-916.7991341863857,4619.249912310114
2017-01-04,1101.7723282240818,-1859.0717378343488,3772.5630294524767
2017-01-05,437.28917443143814,-2280.38967805356,2979.2823371858417
2017-01-07,1345.474583965261,-1309.6294308078145,4265.515344447197
2017-01-08,1047.8232076574222,-1686.3899902948083,3485.567580662942
2017-01-09,888.4613284435891,-1838.4325004398054,3782.0133769418894
2017-01-10,1200.876394949407,-1564.366315491182,4007.644002562004
2017-01-11,703.5142796806822,-2082.411533785619,3353.9853349071254
2017-01-14,1159.963823461443,-1673.228466886284,3849.572798576952
2017-01-15,934.142817991177,-1893.8436777171053,3456.8236838574267
2017-01-16,844.5192623682121,-1936.4564451786312,3531.0642060312407
2017-01-17,1223.0908273132072,-1776.8903782978666,4173.076408919507
2017-01-21,1384.5831573632904,-1170.0990742408835,4389.452777438702
2017-01-22,1188.497127866531,-1695.573813801085,3913.2571101525873
2017-01-23,1118.8019678572614,-1584.074672006956,3730.7062963243047
2017-01-24,1507.1534987371404,-1230.5496017682322,4065.2745741662984
2017-01-25,1070.4844583554636,-1812.622224236096,3923.8556519141075
2017-01-28,1607.9419413667476,-1188.5928552483056,4543.373167690858
2017-01-30,1259.727526389491,-1416.9962244474343,3961.570356464169
2017-01-31,1597.3008655101821,-1190.8846933049774,4484.530649410377
2017-02-01,1105.2681696972984,-1669.3843282846228,4132.086109331195
2017-02-02,495.5653933140811,-2216.7256315755058,3213.212359403999
2017-02-03,1077.7925714951843,-1775.8898275949846,3917.4948180476104
2017-02-04,1464.4763818638478,-1109.477017910956,4198.444083733734
2017-02-05,1172.683976320166,-1639.629695558425,3797.5521755143222
2017-02-06,1003.4430034691877,-1758.2956704157807,3690.0571633845293
2017-02-07,1291.1691474026227,-1690.1204146899313,4221.9787173124205
2017-02-08,755.598443947813,-2012.2147716841055,3455.417741970209
2017-02-09,109.9493405289702,-2598.9538886966916,2819.980176292276
2017-02-11,1033.9830758186013,-1564.1435031917283,3912.137687740173
2017-02-12,734.8588279694094,-2005.6453940198794,3382.2835617403807
2017-02-13,569.0365362454313,-2195.6905540972643,3417.0843084652793
2017-02-14,871.1314593300698,-1749.8892507686137,3520.832720503603
2017-02-15,360.82357154671536,-2331.782236173679,3146.6559258178836
2017-02-16,-248.9797257817047,-3118.018522768899,2588.938226266014
2017-02-19,540.2115758636401,-2179.716939616148,3388.8452118093282
2017-02-20,444.7128208161878,-2187.40626691493,3410.867160428186
2017-02-21,822.7673870091401,-2069.2072523216393,3557.51202372984
2017-02-22,392.54732111685666,-2212.1708391033644,3387.118846025125
2017-02-23,-134.59399209213007,-2749.1066401852017,2703.01001709567
2017-02-25,1056.5845067373475,-1719.9970714889773,3861.0635848025304
2017-02-27,881.397299012172,-1965.05240588506,3595.9865196322817
2017-02-28,1329.739475824293,-1430.937687329997,4153.257956385207
2017-03-01,962.6958394153256,-1758.9894339353982,3635.226384724912
2017-03-03,1219.968469076036,-1578.6755562178073,3982.4744267355222
2017-03-04,1761.7598613794264,-904.9856139244614,4506.7908905285185
2017-03-05,1630.091562368313,-1402.8977717774878,4149.346096311282
2017-03-06,1623.191641826758,-905.6992196969294,4238.449591269646
2017-03-07,2072.5915592859583,-612.4625252306332,4903.342639252025
2017-03-08,1695.1203458911093,-847.4273100821802,4400.162559916863
2017-03-09,1201.1288278440022,-1493.6593166841656,4088.3704509921727
2017-03-10,1898.5598087995754,-755.3316886865903,4754.77268609296
2017-03-11,2398.2421502566876,-274.2555156622255,5026.129601670605
2017-03-12,2215.536993670009,-570.6250831291079,4828.067186566474
2017-03-13,2149.790367886975,-705.7876984555254,4949.955443304019
2017-03-14,2533.7928305341857,-179.09662275905524,5225.852365147989
2017-03-15,2085.7427419383694,-658.5835176450016,4906.89674575769
2017-03-17,2138.309518634943,-629.4546888016672,5070.662353575228
2017-03-18,2560.685652541979,-165.2739780016554,5388.40557279149
2017-03-19,2301.399315737799,-375.2828084329313,4874.00101348152
2017-03-20,2161.2102143407114,-638.9598190674747,4880.657703634673
2017-03-21,2474.2332166403344,-256.4425539020786,5007.783369722316
2017-03-22,1959.8736482475283,-634.9999948335392,4731.827536070139
2017-03-24,1897.9292521378331,-901.8147177063603,4742.332436703258
2017-03-25,2273.730309687827,-187.52176920375342,5198.035637817928
2017-03-26,1975.764508609564,-921.5997129596191,4652.544647789868
2017-03-27,1805.1289019406447,-903.6355066708376,4638.385553877365
2017-03-28,2096.077548346589,-683.1866245571472,4847.236102532464
2017-03-29,1567.9601434028477,-1164.9266661443512,4331.906022512191
2017-03-30,933.3967598760152,-1579.57857251754,3658.8449897794494
2017-03-31,1502.3056820901215,-1151.242168701628,4159.280781971245
2017-04-01,1887.1631445592002,-792.3376721493534,4507.350140290533
2017-04-02,1604.6238742505043,-1017.2076098881263,4211.346297712591
2017-04-03,1454.9571073211362,-1292.0896460870981,4304.89790957513
2017-04-04,1771.4989206002872,-999.6229194422748,4545.504780247839
2017-04-05,1272.6174318419032,-1508.9347942147642,4068.522304879386
2017-04-06,669.9149258633595,-2078.8287842516925,3319.221756965401
2017-04-07,1272.2831634419276,-1426.38555037681,4059.7863332235097
2017-04-08,1691.2290643154568,-1087.3128597928985,4196.212746832388
2017-04-09,1442.4034987819696,-1275.732033326605,4288.488984895552
2017-04-10,1325.1781871522098,-1361.7525468561744,4159.548901500217
2017-04-12,1200.7743105443376,-1616.5653475744687,4026.489820995807
2017-04-13,622.2816404472044,-2481.362577578955,3229.556725245419
2017-04-14,1245.044087307772,-1348.9103650458815,4041.489789263968
2017-04-15,1680.2189010323937,-1209.7204009031384,4412.855951723759
2017-04-16,1443.327657301042,-1297.942241961276,4271.875309168496
2017-04-17,1333.7149798129794,-1474.355015649234,4206.45584174012
2017-04-18,1684.0172249553652,-1220.9420333408384,4377.953829353861
2017-04-19,1212.1374203363607,-1563.3265071480082,3938.996378678677
2017-04-21,1244.854733766669,-1403.2402887555418,3852.1947242318683
2017-04-22,1670.0491020359082,-1247.354933618779,4385.725694825547
2017-04-23,1421.1629691566106,-1413.0984674156628,4134.279606746997
2017-04-24,1298.1949803919488,-1504.394339926443,4076.9526551649333
2017-04-25,1634.4607886193571,-1083.6438330593176,4451.728516459522
2017-04-26,1148.5469578637424,-1500.5762644757704,4072.754039658593
2017-04-28,1155.8362472077665,-1666.3087001351353,3814.2383269134148
2017-04-30,1314.1586698922015,-1255.1132762996563,4103.288788228916
2017-05-01,1186.1989922563253,-1752.9933695306502,3629.6316397000046
2017-05-02,1520.6103511219997,-1131.7070806231036,4253.055752054272
2017-05-03,1036.2051856078683,-1706.77027818931,3788.9022883169414
2017-05-05,1056.9646191551092,-1776.3017878288715,3833.435572953912
2017-05-06,1483.844651023531,-995.8280320893796,4232.430441349218
2017-05-07,1242.217832518181,-1370.021532476189,4105.897755893411
2017-05-08,1132.2074213461844,-1750.4515269144376,3919.4920644615368
2017-05-09,1487.0726774537623,-1376.207354484445,4182.644197522042
2017-05-10,1025.1668950273252,-1606.5440201912436,4024.1838988394447
2017-05-11,458.13107459260004,-2074.849857459368,3153.4133543547055
2017-05-12,1094.9397849258098,-1548.3828321510875,3584.110635999784
2017-05-14,1330.6747580608696,-1631.9842531202596,4177.261686059507
2017-05-15,1244.9560356898853,-1482.5548407593285,4008.2820645012166
2017-05-16,1622.7039995103546,-1221.841080462599,4373.2149912996465
2017-05-17,1181.732391683561,-1647.5040976765401,4034.0367103481967
2017-05-18,633.193920165947,-2225.354726932466,3240.4351802415085
2017-05-19,1285.6385210298438,-1413.9610999211397,3866.5188151824977
2017-05-20,1750.300203887905,-890.112734044403,4589.380744985236
2017-05-21,1542.7407650445289,-1166.6381305602054,4386.954883775755
2017-05-22,1462.3045406399578,-1271.0373168128663,4262.351151546927
2017-05-23,1841.584669083054,-1046.1963016824102,4349.096083724532
2017-05-24,1398.3971809447703,-1327.9812672307617,4115.023777756076
2017-05-25,843.9868779504266,-1900.6135989072188,3411.223885539987
2017-05-26,1487.0812992132396,-1291.7032302034897,4398.708159541945
2017-05-27,1939.1710501208963,-742.1959361947748,4650.161523666043
2017-05-28,1716.1450157293214,-930.6043331510508,4381.875312847064
2017-05-29,1617.7349195475929,-1252.5386781993307,4324.839199983566
2017-05-30,1976.9700263171135,-681.8891885452033,4804.8644953438
2017-05-31,1512.1386669890412,-1125.0613092500548,4373.031327150555
2017-06-02,1554.7291772044941,-1225.3966483671054,4359.819010766662
2017-06-04,1737.2922635948878,-1059.254456188186,4348.777824753626
2017-06-05,1616.668489896034,-1357.0848515465805,4315.240634614921
2017-06-06,1954.9501007167826,-848.9327715120189,4409.304748422803
2017-06-07,1470.7939980807737,-1308.6162421916642,4202.328318292985
2017-06-09,1480.8092379890936,-1121.2349096421726,4032.353551131766
2017-06-10,1896.639949235375,-952.5993883406999,4482.980189708918
2017-06-11,1640.2353719030257,-856.2013489676496,4421.525381907002
2017-06-12,1511.8327701311266,-1143.3762364803406,4224.555425870673
2017-06-13,1844.8620904512286,-688.4484630988454,4650.983242657842
2017-06-14,1357.9019203520766,-1468.1282086725878,3996.8203893279315
2017-06-15,762.8698734806325,-1868.5059128155904,3490.226089220992
2017-06-16,1369.064040187197,-1243.771788278235,3891.6817904072545
2017-06-17,1788.4340199177605,-1008.4871868169016,4384.300072100323
2017-06-18,1537.210200701526,-1144.2149895644402,4423.332362579056
2017-06-19,1415.345787387775,-1486.2802557465707,4140.82880341189
2017-06-20,1755.972318369611,-999.5479382638298,4467.282794860284
2017-06-21,1277.36519501165,-1650.6469285039673,4075.353403006798
2017-06-23,1306.3192260394128,-1589.6156723249212,3921.369342775994
2017-06-24,1734.5779247950632,-1101.6239984002364,4489.432778028555
2017-06-25,1491.912999750811,-1336.8619611717372,4185.876247081776
2017-06-26,1378.074202601865,-1519.627977646496,4005.5286903087435
2017-06-27,1726.0272058765331,-939.4216160025497,4430.892517321313
2017-06-28,1253.921939468368,-1473.0344382298185,4048.9672882562886
2017-06-29,673.2935764031868,-2012.0767829021577,3250.9864289078537
2017-06-30,1293.1125480809924,-1370.5302347902962,4050.7721957425542
2017-07-01,1725.0619195508352,-848.2434072845094,4602.98125624352
2017-07-02,1485.1706806986963,-1291.140645323121,4268.101666515698
2017-07-03,1373.25742342692,-1386.2453493930261,4194.422361942663
2017-07-04,1722.385189969124,-1100.4418142876148,4656.562898500326
2017-07-07,1289.7690270972832,-1393.365481023657,4037.261947678517
2017-07-08,1721.263322480176,-1114.0641581325624,4605.009770856226
2017-07-09,1480.8681061606503,-1117.269816776408,4208.614325816753
2017-07-10,1368.5403341528863,-1386.7239393781297,4219.332684091249
2017-07-12,1246.0223830545747,-1672.8085427424933,3833.6801462353947
2017-07-14,1286.4540449257113,-1552.7824974870389,3860.0363030955873
2017-07-15,1719.3650111209947,-963.1581062806222,4304.5799661561405
2017-07-16,1480.8701490729652,-1290.2011631366706,4270.708995685709
2017-07-17,1370.8996743043597,-1185.9906357342393,4164.108340807043
2017-07-18,1722.588394634624,-874.5198213080063,4450.369784796311
2017-07-19,1254.2365521732927,-1418.9319657419067,4014.3783967406334
2017-07-20,677.5046260060687,-2203.1018185390594,3282.402223220682
2017-07-21,1301.4586833791907,-1542.6587571658524,3897.8460956234953
2017-07-22,1737.844758144454,-790.5966163072944,4624.950395551628
2017-07-23,1502.7208968955433,-1425.9895624392982,4253.365389149949
2017-07-24,1395.9013619766506,-1272.0384519624997,4209.583299059279
2017-07-25,1750.4137300294783,-859.1437926576741,4612.516078211198
2017-07-28,1334.9660236552786,-1397.1783451786991,3960.7918834091556
2017-07-29,1772.1576395749294,-1080.872260261213,4629.919320653204
2017-07-30,1537.2872206203015,-1343.4858937091055,4172.844030877915
2017-07-31,1430.2126312137375,-1481.2125802483868,4147.073969751774
2017-08-01,1784.0388321215564,-1239.2428937452758,4529.333239392771
2017-08-02,1317.083956628725,-1469.9442543830405,4132.9895911121
2017-08-03,741.0777255933831,-2241.876241431589,3400.0690457932533
2017-08-04,1365.2086197691926,-1320.1841507705585,3990.938015513678
2017-08-05,1801.398175652182,-1092.122049669765,4449.9914732656825
2017-08-06,1565.9309931915495,-1317.0283577210719,4339.540515450825
2017-08-07,1458.894954779193,-1326.008920817183,4376.41772640632
2017-08-08,1813.632466493454,-971.540165802896,4543.8601525412005
2017-08-09,1348.6993874390141,-1176.7182526323545,4137.268887989186
2017-08-11,1405.1063185749913,-1412.5892706917193,4104.084995568837
2017-08-12,1847.9653272575517,-825.443249249906,4435.9601904024985
2017-08-13,1621.0812805382334,-1128.1695986689456,4267.1217719310325
2017-08-14,1524.669452912335,-1407.4493079699575,4123.53291231233
2017-08-15,1892.1573437903241,-826.6269304358618,4559.887341758995
2017-08-16,1442.1385193117133,-1286.8590743960906,4131.382240788057
2017-08-17,886.5595054012749,-1992.5831759637622,3590.5887970962017
2017-08-18,1534.7564933776403,-1095.9959159139678,4218.5105902573805
2017-08-19,1998.720541568097,-685.2495056039398,4730.6837531695965
2017-08-20,1794.720143824502,-1080.3995002988374,4462.972191927626
2017-08-21,1722.8038800893373,-1058.4349208344993,4340.945252982193
2017-08-22,2116.0442711859355,-807.5591400445514,4841.888068723164
2017-08-23,1692.6993987057608,-929.8708778014363,4557.3543364641555
2017-08-26,2330.864626354874,-344.65541832032295,5109.5362204376925
2017-08-27,2153.1004822198133,-373.64505469404173,4813.8670449707315
2017-08-28,2106.084021857975,-652.4824687466318,4591.410881559612
2017-08-29,2522.4705451524865,-359.9452921989878,5364.376807122427
2017-08-30,2120.0382399899067,-588.924133706939,4924.988357835709
2017-08-31,1609.8895829577084,-1106.537317827885,4584.322257971217
2017-09-01,2300.5035099057836,-409.4751499393469,4949.773669859517
2017-09-02,2803.0167010768055,137.90159203475326,5541.566266730935
2017-09-03,2632.8625009467705,-333.1898944720996,5017.032223500337
2017-09-04,2589.2218586894464,-277.26568957511745,5461.628589326304
2017-09-05,3004.4869436937,219.4943861383439,5974.615598328542
2017-09-06,2596.2339057572462,-351.5614135361549,5232.149942577169
2017-09-08,2750.483420850127,102.70671765791022,5472.502560610461
2017-09-09,3232.5382239107666,545.187921748705,5901.113299375546
2017-09-10,3037.1027081024695,427.1576727354834,5903.663416455387
2017-09-11,2963.5057858416376,132.39891377577626,5843.135627642037
2017-09-12,3344.357952949369,688.9262379888733,5984.999389407375
2017-09-13,2897.5214132897618,63.88530838577163,5765.391445308765
2017-09-14,2334.312364453541,-321.96195786972316,5083.746271798873
2017-09-15,2963.5519115394222,181.9956978858544,5614.670059310834
2017-09-16,3396.844019025914,825.4381680561569,6218.166908573366
2017-09-17,3150.209124220637,423.217380754102,5702.769208899613
2017-09-18,3023.5279344852706,318.841841912027,5657.874737342219
2017-09-19,3349.9962270095757,574.8572982828964,6171.515766966406
2017-09-20,2848.0873071773567,227.0779183924969,5439.012384398131
2017-09-22,2804.4335706607967,-119.93764061763434,5591.163038468966
2017-09-23,3184.393655350802,624.3763626031952,5946.933755789466
2017-09-24,2886.2819848875297,235.1271207959631,5685.3078831828925
2017-09-25,2710.600448431245,-90.8785086922267,5393.757769818093
2017-09-26,2991.1448275624084,301.72413654312385,5824.555001952067
2017-09-27,2446.960107736839,-411.7290759123543,5087.378415334618
2017-09-28,1790.5280974321677,-776.4816623059505,4672.592505542302
2017-09-29,2331.803981419973,-432.72832527403426,5424.4035267498675
2017-09-30,2683.4803605449365,11.566813497251426,5347.933832602796
2017-10-01,2362.607527175673,-314.8453408054803,5125.258363112845
2017-10-02,2170.024608444738,-743.0332502557077,4980.574179550773
2017-10-03,2439.8024917568937,-339.5863790240624,5173.794319033286
2017-10-04,1891.2383494775866,-937.8149667796771,4566.734298417971
2017-10-06,1786.8426173765017,-848.3244219748694,4335.659044093964
2017-10-07,2153.7203296602906,-689.5115976321039,4720.685965780488
2017-10-08,1854.5123211698854,-873.8628279822851,4647.228508933807
2017-10-09,1689.8995833218046,-1111.7476530428605,4154.051427388592
2017-10-10,1993.7185384398188,-779.7943901819765,4547.646018358223
2017-10-11,1484.9132313854177,-1086.7422560550096,4220.456937295812
2017-10-13,1475.7098098180404,-1159.70282628455,4025.398975243987
2017-10-14,1897.0414108593195,-952.1225341267116,4584.923542147803
2017-10-15,1656.0965790907171,-1163.5921890735249,4378.212693484417
2017-10-16,1552.9096974162883,-1264.8608683692844,4283.933356950864
2017-10-17,1920.618114796252,-892.4006126718282,4679.083544971811
2017-10-18,1477.421580665843,-1132.0075638749101,4285.098274030735
2017-10-20,1601.4405961574446,-1110.319807757762,4561.27473997558
2017-10-21,2088.749757859393,-579.3839209898802,4872.072973015436
2017-10-22,1912.250444829945,-883.7612629963968,4854.779264613837
2017-10-23,1871.1475937091113,-904.4644932335465,4686.392511922748
2017-10-24,2297.7656413995946,-360.560609123416,5040.76554953641
2017-10-25,1909.520355796508,-804.4258398523608,4633.44620097702
2017-10-27,2128.650830098557,-481.88182018881946,4871.877944070096
2017-10-28,2654.809585453767,-191.46593758635714,5394.561423173468
2017-10-29,2510.60423639481,-288.4179045834215,5224.404523443117
2017-10-30,2494.7845335242873,-80.28158378715736,5471.808426478143
2017-10-31,2939.31859739263,320.7629564149295,5543.338519455153
2017-11-01,2561.3733516290363,-173.5964487891491,5279.7539647464155
2017-11-03,2777.8384798936895,51.58060123414653,5490.70550445907
2017-11-04,3291.1258507710077,442.93607224069854,6050.788179502417
2017-11-05,3126.6255284352765,192.09368227235927,5665.993518167979
2017-11-06,3083.442950204923,364.0790055985395,5902.949464303211
2017-11-07,3494.0213098226213,573.1514903188956,6252.502929450755
2017-11-08,3076.1159576904543,217.71923372597126,5754.995281523319
2017-11-09,2540.999661252375,-587.4300980752892,5393.688031749296
2017-11-10,3197.5150050971015,602.5987922091439,5877.268576207683
2017-11-11,3657.352177766639,1041.7342113578718,6370.110135896919
2017-11-12,3436.6806377120192,690.3976298430806,6338.829410062102
2017-11-13,3335.5890892144052,447.3610955690019,6195.9123173385615
2017-11-14,3687.5345414443973,913.8227594497855,6333.94674824455
2017-11-15,3211.2971127841756,587.3758401294026,5985.412750792267
2017-11-16,2619.1649183499885,-213.83227433720776,5565.289561541512
2017-11-17,3220.9673183995073,447.9808471558797,5985.857678963342
2017-11-18,3629.327356983448,783.384434516214,6398.234286618364
2017-11-19,3361.2780869957965,679.2382445365513,6304.7937315834615
2017-11-20,3217.6819479344413,493.81741610686544,6051.785062606257
2017-11-21,3532.6623036542233,696.2673798749963,6256.106153375239
2017-11-22,3025.5426758964422,546.3367233078518,5794.774326411696
2017-11-23,2409.0184285120336,-269.687728628105,5132.97928603495
2017-11-24,2993.17798130514,207.1970218542607,5550.440084699879
2017-11-25,3390.7525731304377,783.8118884203499,6265.564535454395
2017-11-26,3118.7237925995696,317.5855398911915,5840.78926804993
2017-11-27,2977.7439664329463,231.48931281692532,5693.655589759326
2017-11-28,3301.5707525535413,639.6871662394611,6025.514181794366
2017-11-29,2809.013071105933,179.22256260857145,5841.166274464897
2017-11-30,2212.113064410185,-677.4710663502002,4830.367430731968
2017-12-01,2820.181011914903,55.12045591329845,5449.273316952676
2017-12-02,3245.061979164787,394.7715039288959,5827.726062779908
2017-12-03,3002.763094012749,307.5535463121596,5893.099002160946
2017-12-04,2892.896136336446,-55.70550789051653,5528.7646378922
2017-12-05,3248.1363136493387,708.9057171719204,6156.319416144378
2017-12-06,2786.19382023619,50.206546879449306,5407.136889370882
2017-12-08,2851.8804219994313,151.1219529527831,5617.513963434447
2017-12-09,3298.6249967658787,591.7104590761998,6160.061197822563
2017-12-10,3073.363396058143,534.4671774019399,5960.511256862352
2017-12-11,2974.9198104761726,539.9914152836762,5855.433911097226
2017-12-12,3335.31531826413,692.3319924014637,6144.389842816287
2017-12-13,2871.757894155256,229.364678048828,5601.162621678879
2017-12-14,2294.865943607377,-552.1117632180196,5070.019121586979
2017-12-15,2912.7412335582912,47.773929674805196,5758.97555880737
2017-12-16,3336.2690077619077,542.5707913274593,5962.974160931545
2017-12-17,3080.7732796111877,391.98221882461934,5873.184772760036
2017-12-18,2945.481203203302,124.41953310970948,5729.37810697846
2017-12-19,3262.996746955514,801.6926345333652,6086.118712691363
2017-12-20,2751.2797757221333,-42.41128820514305,5706.2027697334925
2017-12-22,2683.8622603204367,52.08365981075102,5551.070231451804
2017-12-23,3049.340445461751,547.8415052159695,5796.785748774321
2017-12-24,2734.8500299116345,72.61330245823176,5433.319084378657
2017-12-25,2540.9122299746705,-158.49247562651132,5194.545622632605
2017-12-26,2801.451559144948,153.41727070680506,5554.914153880794
2017-12-27,2235.7433106699045,-514.090014426359,4743.344261153577
2017-12-29,2074.342623435239,-561.082377383345,4734.833044806195
2017-12-30,2402.1489957086924,-281.6464237642542,5067.091518043827
2017-12-31,2057.5529620260368,-767.9540032024271,4795.5316708872515
2018-01-01,1841.905168779582,-979.9895087943959,4408.132107680088
2018-01-02,2089.783679077388,-578.8995930441133,4898.248133647113
2018-01-03,1520.922952661245,-1215.0528543657283,4226.8453359714895
2018-01-06,1736.3367723619815,-999.8875807389804,4370.811480829518
2018-01-07,1426.9385490572013,-1497.4582637696772,4154.994436163808
2018-01-08,1255.061465154272,-1365.3696952173268,4234.474317294148
2018-01-09,1554.4597600541238,-1253.4363643374306,4235.918414776902
2018-01-12,1037.385173344145,-1743.570594279278,3930.3560350107045
2018-01-13,1462.130718596442,-1324.93487966099,4087.574651320325
2018-01-14,1225.0237718081619,-1666.5218204832697,3911.0282810552967
2018-01-15,1125.2616768636433,-1663.9710017887587,3747.4689724693267
2018-01-16,1495.0631989598107,-1274.8507994107108,4196.772177911607
2018-01-19,1164.268182340983,-1332.5975329150028,4000.210823098427
2018-01-20,1638.3872895335082,-1142.7262665722849,4266.330638711133
2018-01-21,1442.4408631355739,-1091.217919574513,4139.875954133724
2018-01-22,1374.784503754615,-1186.3514809861085,3961.7554695670474
2018-01-23,1767.0073834664745,-846.1486504850778,4587.183208874014
2018-01-24,1335.9311581862253,-1381.5197204971535,4119.741688434037
2018-01-26,1442.5645756661463,-1267.8841215608877,4217.9791543093825
2018-01-27,1898.7761952399262,-950.5811331725222,4627.608209524532
2018-01-28,1675.6547392101631,-818.8978608615178,4389.900342425163
2018-01-29,1572.3485197116872,-965.0351737074905,4504.627992599562
2018-01-30,1921.4477373753516,-885.350596027282,4671.720402334677
2018-02-02,1435.4152388195973,-1183.1053395395081,4380.521445231621
2018-02-03,1831.8937312875255,-1075.1045793429844,4644.283650172925
2018-02-04,1548.7496750092319,-1111.0463402971131,4273.2820673604
2018-02-05,1386.7666875069258,-1330.5446465091777,4000.0549812460863
2018-02-06,1680.1480241000859,-1075.3872182216044,4521.974128830178
2018-02-09,1059.711569996498,-1696.9600416965473,3866.0837395992467
2018-02-10,1426.6764060455712,-1322.6167782843177,4257.797482937342
2018-02-11,1123.42319048512,-1661.1157152615522,3930.2569272074966
2018-02-13,1245.5652039321628,-1617.7764011509594,3947.5202357040002
2018-02-16,692.5567814929004,-2069.525795347992,3377.254930891176
2018-02-17,1102.9507671300998,-1700.4223630652168,3904.5491732869455
2018-02-18,852.5752982325946,-1803.9560785785977,3657.819337482138
2018-02-19,741.9997375253231,-2039.7291478762145,3372.7512074431006
2018-02-20,1104.7774616945846,-1535.864036535973,3966.602193588943
2018-02-21,659.3972817358729,-2091.880627955645,3326.8050457678446
2018-02-23,787.7924470400242,-2133.8074417321805,3625.6892411465296
2018-02-24,1281.5903492980642,-1529.8298733619326,4229.082960442794
2018-02-25,1114.196981014522,-1682.0927176301889,3856.2233774938313
2018-02-26,1084.4933686713812,-1664.5802269095666,3972.50017653161
2018-02-28,1150.803051562832,-1424.7193923490186,3980.4499744563104
2018-03-02,1401.1755353301887,-1356.6447941338552,4204.423007074255
2018-03-03,1942.7262556041717,-640.5191556972388,4706.20249660394
2018-03-04,1812.960049433984,-805.5080246425977,4655.406867829612
2018-03-05,1810.0509996818726,-911.1132114714852,4587.7136773688335
2018-03-06,2265.4334396610816,-415.6706999490021,4946.656357920547
2018-03-07,1895.7989240945385,-978.4707287062536,4632.834996040961
2018-03-08,1411.324152609651,-1402.594904229486,3882.3334660863
2018-03-09,2119.7456617038265,-523.8147475723775,4856.534690523985
2018-03-10,2631.6591039078153,-25.126340836198892,5331.096615084046
2018-03-11,2462.1712217353215,-213.22562808363213,5089.775772003813
2018-03-12,2410.3586119781867,-402.60538515522995,5329.633054297945
2018-03-13,2808.7337725769094,60.713185184160594,5705.735972741084
2018-03-14,2375.2148702626023,-284.00241754176574,5097.492903886235
2018-03-16,2456.226341091129,-308.9760099210328,5114.697413341449
2018-03-17,2892.001428691494,311.4551662762818,5564.052006827788
2018-03-18,2645.2545444044586,-116.55943642084283,5530.762047097891
2018-03-19,2516.544132060942,-224.14067681162774,5187.680041917256
2018-03-20,2839.813993830333,-37.02702674754201,5854.6129112266535
2018-03-21,2334.3316926069647,-534.597411203534,5185.477287953991
2018-03-23,2285.660945914587,-649.1447354982706,5035.716023796243
2018-03-24,2665.764780762657,-60.96817095170469,5525.823036171502
2018-03-25,2370.5447710685385,-588.4233385069297,5106.386452543717
2018-03-26,2201.141620863747,-445.21882449653555,4857.634510016876
2018-03-27,2491.885967827113,-69.3095974404479,5214.525150209018
2018-03-28,1962.2339806880805,-881.0398388599469,4686.435255231402
2018-03-29,1324.9384028994464,-1257.5493812101483,4046.6865408871336
2018-03-30,1890.072137310728,-780.9299846300099,4481.019585624535
2018-03-31,2270.2833037984924,-361.689415069094,5063.185450815867
2018-04-01,1982.4107997366932,-727.9085202878625,4780.2428278873
2018-04-02,1826.9151698308772,-914.0283886228815,4580.573792222986
2018-04-03,2137.325762762739,-398.8201346460735,4893.863122579187
2018-04-04,1632.2008637266176,-1096.8736175108945,4508.33900217311
2018-04-06,1619.7597224565432,-986.195322906143,4320.2708064936005
2018-04-07,2033.1262910759197,-837.3761894523194,4749.0090752984015
2018-04-08,1779.2481954584027,-909.9381676123038,4747.955267818488
2018-04-09,1657.608009092522,-1141.727700546727,4467.81744145629
2018-04-10,2000.818670177407,-717.9514869927285,4892.382893245264
2018-04-11,1526.60537210763,-1183.433612080362,4341.409654242968
2018-04-12,946.0217267558846,-1688.7382521247428,3797.529453792566
2018-04-13,1567.516154194107,-1263.0651374286751,4199.352287565087
2018-04-14,2002.2263758969887,-739.867766699901,4677.643863478911
2018-04-15,1765.6300988679207,-897.9252991786451,4523.978190881272
2018-04-16,1657.0058897730225,-931.5672076545192,4500.2790928828335
2018-04-17,2008.9045629944865,-667.4180780125486,4855.308168175622
2018-04-20,1577.1003760972878,-1003.2654117942644,4467.971343177914
2018-04-21,2005.195656529297,-639.8252277630596,4739.437584688398
2018-04-22,1759.219776618907,-1048.654660579342,4557.65875403063
2018-04-23,1639.04442471353,-1034.3297290441046,4475.183315521626
2018-04-24,1977.864834966123,-861.2795416776584,4651.630793116404
2018-04-25,1494.157129346309,-1335.786709737027,4166.983386934836
2018-04-26,899.8659643620235,-1862.9288038475809,3500.6653020392846
2018-04-27,1504.439323739824,-1357.6088185658937,4161.539187276782
2018-04-28,1920.089284562111,-831.4644460192535,4628.639935063418
2018-04-29,1663.407830434858,-1079.9145011765231,4214.584606381744
2018-04-30,1534.7927049589484,-1172.7301792238495,4207.571946988226
2018-05-01,1867.884604257993,-905.684500658966,4631.359463859523
2018-05-02,1381.5128414700562,-1210.1825317454538,4091.617816630482
2018-05-03,787.8742210665548,-2118.066093040525,3618.299395903934
2018-05-04,1396.5621417864377,-1397.2265928320553,4114.963440072849
2018-05-05,1819.8248436328681,-838.6316997648076,4563.825429239612
2018-05-06,1574.1818703247718,-1093.0166887016833,4466.378741340394
2018-05-07,1459.8536501091999,-1346.58473077984,4156.158617081828
2018-05-08,1810.205319620252,-1039.8796269066495,4613.713622400982
2018-05-09,1343.701672424307,-1431.3297527593556,4189.821295789867
2018-05-11,1404.4810194634015,-1390.8755883581575,4235.689627020917
2018-05-12,1852.5457195819147,-849.7990751452406,4667.945770192849
2018-05-13,1632.2245056268935,-970.0972950723087,4260.5656914129
2018-05-14,1543.1353022587068,-1191.9715411061309,4194.938350084878
2018-05-15,1918.0419157873732,-698.9671562510325,4503.134089353204
2018-05-16,1474.825508706246,-1156.2848855285622,4195.615872880642
2018-05-18,1576.223214937961,-1133.9482667898246,4217.73945266542
2018-05-19,2040.6750869556422,-523.4219272622927,4853.648516855749
2018-05-20,1833.609222782445,-1002.0690980571244,4590.235119725517
2018-05-21,1754.3539757872288,-1044.2881462027963,4631.8319623007355
2018-05-22,2135.4702881427456,-527.5527415432537,5039.497593165745
2018-05-23,1694.72698316101,-1157.330315310721,4473.352328154382
2018-05-25,1789.8693905795806,-907.0065703311452,4506.346658705897
2018-05-26,2245.819569052432,-505.6918547450214,4860.160193646285
2018-05-27,2026.95913796223,-629.2833427319762,4826.267610646915
2018-05-28,1932.9268110615826,-999.7329881084539,4535.630759305425
2018-05-29,2296.656879577982,-627.778224782684,5092.833967645841
2018-05-30,1836.3432534860951,-832.7599008322811,4367.580345950518
2018-06-01,1887.6770070583705,-902.0790775690808,4517.693911227084
2018-06-02,2320.383350931153,-490.1865961816524,5136.465605401108
2018-06-03,2078.057240554227,-725.477032988008,4563.8299212390175
2018-06-04,1960.827270068677,-765.7564906324075,4693.719442609564
2018-06-05,2302.0920759808664,-654.3498294107477,4998.6290000963245
2018-06-06,1820.473318083038,-899.7328181251603,4482.356968723227
2018-06-08,1834.1487250119924,-967.9790170076916,4622.549393013275
2018-06-09,2251.095438681744,-527.7857377840414,5180.4438852304
2018-06-10,1995.3463310897441,-670.3301153110824,4673.984445421476
2018-06-11,1867.1640152773966,-772.3285321049535,4728.212924258905
2018-06-12,2200.0132887064574,-749.9711936689664,5017.840356784056
2018-06-13,1712.5156069132497,-1159.0161676625935,4382.842021701619
2018-06-15,1721.731834833253,-869.392156572163,4330.3665915069105
2018-06-16,2139.8038704460346,-694.065714192485,4653.084984800182
2018-06-17,1887.1418725612143,-927.6749848917433,4541.124380765753
2018-06-18,1763.7558006090562,-965.7722995918432,4577.61092743205
2018-06-19,2102.8314849792528,-590.057779983766,4829.858052476167
2018-06-20,1622.694656945688,-966.8402416471295,4585.844903727583
2018-06-21,1035.009285702996,-1771.104341504621,3861.315769100754
2018-06-22,1648.8266232841097,-929.3801414112163,4462.579683506986
2018-06-24,1832.1366208152476,-1046.9358738321582,4721.527908426116
2018-06-25,1717.412358910368,-1104.471918229116,4702.133873888367
2018-06-26,2064.664056272038,-750.2324376461919,4733.028510778155
2018-06-27,1592.0418616212542,-1076.715522019851,4432.958009753837
2018-06-29,1630.71748272315,-1052.6569784180401,4224.635321213133
2018-06-30,2062.6365050184854,-601.2510897860459,4967.241551268482
2018-07-01,1822.8367239586144,-690.6801493273407,4546.62689351116
2018-07-02,1711.1101700706884,-872.0567776576653,4482.457058491536
2018-07-03,2060.491338124896,-541.3095761773585,4824.208214043535
2018-07-05,1008.9428075405947,-1865.0602363699836,3648.202218805001
2018-07-06,1628.7467442482264,-1140.6147404691635,4337.435686356441
2018-07-07,2060.442142306952,-568.1221582650172,4819.606077648377
2018-07-08,1820.1848340161368,-950.2431463632262,4366.505404641636
2018-07-09,1707.9156151600478,-922.2535150383629,4672.347590245001
2018-07-10,2056.8101518324443,-792.0606439832604,4789.805013884703
2018-07-11,1585.2372600646522,-1044.5948522050035,4208.808179368021
2018-07-12,1004.9499875338945,-1697.1333932431926,3902.918691984207
2018-07-13,1625.1262294537228,-1001.8627482217225,4307.817717621752
2018-07-14,2057.6375357161664,-702.3571968063357,4989.757484412443
2018-07-15,1818.6749561117922,-805.3160259192119,4833.778507325939
2018-07-16,1708.1866401151806,-1070.3837889436027,4351.006003495375
2018-07-17,2059.32817081517,-506.40344422725343,4846.636395944517
2018-07-18,1590.4224128465482,-933.7091063081454,4555.0088381461965
2018-07-20,1636.609733113704,-1172.9837105613221,4538.316973980877
2018-07-21,2072.5594765163337,-613.2837450072348,4850.650887963921
2018-07-22,1837.079452936406,-928.0560458506592,4591.455257234973
2018-07-23,1729.9992472184308,-1120.703976376939,4590.508716444224
2018-07-24,2084.3572261406043,-575.4620910116333,4754.595800218751
2018-07-25,1618.3662979086976,-1177.1233339486914,4510.0610693192675
2018-07-26,1043.613391873831,-1741.7877975982406,3704.946757816613
2018-07-27,1669.1090753802578,-1010.7446738948407,4456.153597379427
2018-07-28,2106.56562873829,-637.8496437130557,4932.312095752117
2018-07-29,1872.032079061853,-1072.708063568437,4466.1739032386095
2018-07-30,1765.3405649892552,-1046.7497937864332,4512.229751016992
2018-07-31,2119.5646800425666,-593.972000672824,4852.314848693246
2018-08-01,1652.9862662181206,-1089.2911656616936,4263.423888727206
2018-08-03,1701.6353690726266,-922.1129887889589,4316.62225492363
2018-08-04,2137.884764553406,-638.9689128314685,4766.228811685233
2018-08-05,1902.282262525203,-775.6268081364062,4593.975521724655
2018-08-06,1794.871536775916,-869.7209934524165,4525.4349618863325
2018-08-07,2148.953285217009,-538.7208540777223,4876.764981390662
2018-08-10,1736.423462128333,-908.9546953299241,4674.3391542127765
2018-08-11,2177.1840378418706,-514.2698594314946,5006.267265404875
2018-08-12,1947.796870675979,-796.1144287444233,4528.710517425346
2018-08-13,1848.4773900013668,-880.6112844049183,4651.34325757283
2018-08-14,2212.6633562008033,-547.5858561870838,4827.513475911566
2018-08-15,1758.9690347679416,-1045.2724674024146,4711.018422289593
2018-08-16,1199.3721689404663,-1587.3132137366347,3832.2142295122367
2018-08-17,1843.2505062906034,-1143.9053796819815,4459.339350412244
2018-08-18,2302.6465637001666,-299.4964026930564,5173.925464258118
2018-08-19,2093.889509378154,-855.4624673806603,4589.806549142538
2018-08-20,2017.0289154513111,-920.4968841022227,4869.699431077576
2018-08-21,2405.2814030384343,-443.28285627693214,5103.453952461577
2018-08-22,1976.9870075198119,-852.2170134553879,4795.94667656736
2018-08-23,1443.7996775069955,-1203.3568253779224,4155.843982746497
2018-08-24,2114.7285923059067,-475.74281988483716,4925.4064914375995
2018-08-25,2601.4088792110388,-206.42930456402468,5235.798922696125
2018-08-26,2419.7304770371943,-436.74092222652746,5278.114217447671
2018-08-27,2369.2797418500877,-268.22382225351015,5116.075347532282
2018-08-28,2782.7946384744564,182.87498432726989,5465.479946345247
2018-08-29,2378.1301515245323,-368.50674415022115,5181.094106222302
2018-08-31,2556.31800726901,-102.64303995456727,5291.428637562077
2018-09-01,3058.896871208656,496.0540600172242,5891.241708594737
2018-09-02,2889.667259226696,211.69944133206647,5557.782658903462
2018-09-03,2847.8372526253925,-29.775788554650074,5533.791538526496
2018-09-04,3265.8134369483405,488.84043335549126,5910.466660080243
2018-09-05,2861.1732403577826,204.97490537034062,5570.606468665444
2018-09-07,3025.2921783866345,143.3165464282081,5744.694074258293
2018-09-08,3513.5398630482578,805.3117189790883,6215.7009474949455
2018-09-09,3325.072308805279,583.0423755153513,5974.386474410078
2018-09-10,3259.1556373852277,661.0262440398678,5988.493029864515
2018-09-11,3648.3265266960984,1157.1162859215656,6518.9394962095475
2018-09-12,3210.3633444313564,583.0231902918393,6122.840694026364
2018-09-13,2656.4895782295093,-54.58073241702621,5599.016717228345
2018-09-14,3295.426005706523,742.5064602735044,6159.513541781332
2018-09-15,3738.669990264306,876.0781942800954,6367.018349363255
2018-09-16,3502.1305021353264,856.5599010872104,6252.8023305935185
2018-09-17,3385.5733638455786,729.3936063604116,6165.969407142771
2018-09-18,3722.0775169646113,1022.0104979644269,6498.641421484405
2018-09-19,3229.99894616048,555.9730078818815,5979.718416132737
2018-09-20,2621.1665186896225,-234.95223231623706,5224.399666291075
2018-09-21,3204.926307259343,449.01493206147177,6017.026977380406
2018-09-22,3593.4129007062834,805.6226383525686,6102.345298434759
2018-09-23,3303.176412332972,651.2333967135058,6039.157771334359
2018-09-24,3134.619785423764,272.3260236875969,5858.515033138814
2018-09-25,3421.4472821276668,800.6273877498891,6224.247916205767
2018-09-26,2882.620869372945,30.149763118043772,5627.058624046586
2018-09-28,2775.123194003009,-113.07315117482767,5247.927549885883
2018-09-29,3128.9846233091894,529.7520019149287,5780.99098328116
2018-09-30,2809.1433562033317,-122.73900178586997,5517.886660436736
2018-10-01,2616.410980366982,-8.465198387813485,5338.247931413873
2018-10-02,2884.8438611481947,177.2453850569558,5530.949211641907
2018-10-03,2333.6949881417395,-321.9860568175061,4985.387939605265
2018-10-04,1675.5985806986705,-1246.1104677161527,4259.426283258847
2018-10-05,2220.604096443939,-604.2329087770208,4900.976369791831
2018-10-06,2581.4382157934187,-74.18688574489542,5426.238481421825
2018-10-07,2275.1235757083896,-638.046544943283,5027.515108821015
2018-10-08,2102.4089131143,-474.492539820206,4854.591166763162
2018-10-09,2397.2115646809807,-305.59936287252305,4935.145588886393
2018-10-10,1878.5690984809708,-951.5459300309053,4612.895524524188
2018-10-12,1847.6613653206964,-1050.8418221220743,4578.185598995275
2018-10-13,2257.3684329032194,-477.05029140809245,4852.4840656237375
2018-10-14,2004.4610845033687,-768.4455558566865,4890.184149842952
2018-10-15,1889.115701797933,-984.1250753921103,4490.445516475402
2018-10-16,2244.6171445636937,-503.47474386721814,4920.9439461993825
2018-10-17,1789.3163833651593,-1050.265016859007,4300.960537765832
2018-10-19,1890.0467627719204,-1000.1207874471454,4528.68541344321
2018-10-20,2366.4742764059088,-261.80361910475136,5041.248950358091
2018-10-21,2179.797112987562,-555.343232616465,4813.003696467383
2018-10-22,2129.358398069246,-556.6680004579523,4654.789131634519
2018-10-23,2547.6113094796474,-288.46686451952786,5153.981859534791
2018-10-24,2152.0886212278942,-591.2189920680584,4835.089366807523
2018-10-26,2360.3237553564763,-460.6912479941034,5040.875655071989
2018-10-27,2883.020792815888,200.09005383378195,5653.662729974218
2018-10-28,2736.750348485993,158.41847713543424,5539.949997008227
2018-10-29,2720.290832053035,78.1156004879088,5442.5806298099615
2018-10-30,3165.6170203324727,368.0187153426005,5749.558094397642
2018-10-31,2789.879791834808,87.85367542838021,5467.54899299299
2018-11-01,2303.6195479812654,-510.5444028362033,5183.355411835629
2018-11-02,3014.829560616119,247.12854358930124,5897.984701698948
2018-11-03,3534.247385985314,810.3251867860872,6403.759547015666
2018-11-04,3377.0026632133768,699.0577702365771,6281.012755346924
2018-11-05,3342.0754862184413,664.4656450455919,6107.997640158051
2018-11-06,3761.7658157999895,1017.6512132847865,6562.611587994195
2018-11-07,3353.67022705585,547.4090271239771,6161.331582069951
2018-11-08,2828.889908952309,21.637199897271884,5514.076490424698
2018-11-09,3496.086152647574,682.0064744457255,6213.014599465947
2018-11-10,3966.761522078348,1312.6651165692363,6761.809804486772
2018-11-11,3756.895136458036,1114.3361225417834,6448.095549822373
2018-11-12,3666.3864240840826,930.6664109566692,6404.283459919876
2018-11-13,4028.508042407446,1302.2350955440081,6510.611276006843
2018-11-14,3561.864542753223,965.8359774978351,6469.783201202208
2018-11-15,2978.5810305460236,204.9586568584462,5637.862990597125
2018-11-16,3588.3384364622125,811.449234786367,6245.127947482928
2018-11-17,4003.634008382933,1251.3919587810342,6643.605302142604
2018-11-18,3741.395898859264,1235.2009061766016,6428.883628116614
2018-11-19,3602.406671434953,901.7971521256648,6392.685053969634
2018-11-20,3920.7368927523976,1220.987894035573,6642.364625531507
2018-11-21,3415.685857309419,727.879024262599,6244.434198332098
2018-11-22,2799.9541487841702,107.70495696401363,5544.8626549200335
2018-11-23,3383.6650790204003,714.7862244617621,6314.059483560698
2018-11-24,3779.6140010642293,1130.4587230182865,6491.7753901515
2018-11-25,3504.8747070888207,733.6318154278135,6263.121627375052
2018-11-26,3360.2180100964665,967.7665877690442,6236.312407327238
2018-11-27,3679.543882052647,938.4457552053478,6431.130794058135
2018-11-28,3181.8243237836086,332.3469675731049,5900.711961836088
2018-11-29,2579.28171578184,15.358568157631186,5299.234540427932
2018-11-30,3181.4196492230194,187.27670458243827,6021.752529107838
2018-12-01,3600.285102940393,851.821926409848,6264.743013863401
2018-12-02,3352.0909582737195,619.0880526762978,5897.47087116589
2018-12-03,3236.6536462860363,610.1888994655291,6073.48439817501
2018-12-04,3586.8469151757326,994.8076159384459,6326.260189749924
2018-12-05,3120.568435424969,335.4684746045124,5893.429411673574
2018-12-06,2548.943470432353,-133.28973648410334,5379.240106099409
2018-12-07,3180.3820383643138,427.5957375778831,6163.955597628136
2018-12-08,3625.8678182440544,848.0282898418413,6435.285622473443
2018-12-09,3400.607154728473,793.4758036165528,6161.7824483674285
2018-12-10,3303.4923092580157,522.8781114663554,6059.199860172684
2018-12-11,3666.5793054017713,968.1550720797128,6091.567964059382
2018-12-13,2635.5673125518065,-93.22962823385741,5481.152127149497
2018-12-14,3260.0836679521817,386.5341091242241,5992.322965690746
2018-12-15,3691.406864000967,1148.4492805916684,6495.944311957994
2018-12-16,3444.7249337391895,643.653199913827,6162.681259368715
2018-12-17,3319.0997191646397,432.29869991156716,6062.084416419697
2018-12-18,3646.9440452909935,725.6903558200856,6486.524714866866
2018-12-19,3146.0049966339247,514.9373559583469,5990.251469973177
2018-12-20,2527.576991492587,63.64451252433289,5312.472080277189
2018-12-21,3100.5607159690057,228.1348989427044,5928.654855918092
2018-12-22,3476.7459882208113,875.0459260051728,6325.760899771657
2018-12-23,3172.4469143919505,224.51107831138572,5761.03324066415
2018-12-24,2987.9436840968356,96.78017693394996,5726.559446260113
2018-12-25,3256.931745320595,628.2318107561689,6117.940442603127
2018-12-26,2698.475037104749,176.0479387765797,5486.383777233774
2018-12-27,2025.1876825055272,-685.8837813008389,4750.269595047914
2018-12-28,2547.2609559074936,-403.55326580760976,5139.590885378833
2018-12-29,2877.714374189871,72.06479869955649,5614.124917050047
2018-12-30,2534.0000597568546,-129.94085684555816,5501.146178074624
2018-12-31,2317.4154976667924,-291.5388882362124,5053.0994688235305
2019-01-01,2562.5261692367358,-323.418226526926,5490.173944012799
2019-01-02,1989.0954317704884,-656.8338115053617,4622.229206763639
2019-01-03,1310.2466688673603,-1465.490954300066,4093.6862374576926
2019-01-04,1836.475061222332,-975.1499987685834,4133.028725200623
2019-01-05,2180.888262485867,-607.2250574737053,4792.017078640339
2019-01-06,1860.8054499572168,-830.3946367262988,4527.025656753843
2019-01-07,1677.1700713768794,-1146.500819304112,4601.273849560279
2019-01-08,1963.9778396112024,-945.2696629642522,4757.881758799048
2019-01-09,1440.2172815029362,-1159.5179660371293,4216.043228834356
2019-01-10,818.0476689180562,-1804.1842367858674,3588.0609959006547
2019-01-11,1406.8313559087164,-1266.3880556221393,4267.182179824709
2019-01-12,1818.3993575978602,-968.4976149028122,4686.1359066605155
2019-01-13,1568.6790785614126,-1200.7703314235368,4218.035229631346
2019-01-14,1457.1388498134236,-1325.9597071836963,4137.0809930155665
2019-01-15,1816.2500795069711,-863.0330688924554,4416.422157791124
2019-01-16,1363.463510238868,-1450.8930679274158,4195.879368896564
2019-01-17,809.4235507880758,-1679.663122479411,3446.6477339665053
2019-01-18,1462.0368203172702,-1329.003777350109,4374.9950508867305
2019-01-19,1931.7728510710413,-761.6453441371398,4912.232866960208
2019-01-20,1733.3249865357977,-793.9687524492484,4500.297522423496
2019-01-21,1665.0853040022114,-1223.5759686940978,4427.357903781592
2019-01-22,2058.6335985078185,-729.8950343174629,4836.922181747185
2019-01-23,1630.7362345758147,-1103.0628702595077,4391.758622781671
2019-01-24,1091.5782468094692,-1730.7794709637662,3847.1076895895835
2019-01-25,1748.8443556139189,-1143.6639290407622,4434.167943118853
2019-01-26,2213.026500174625,-604.8672685646568,5078.398793315311
2019-01-27,1999.0857189565768,-737.8729253162618,4709.4562216468275
2019-01-28,1905.9221433392322,-746.187909091781,4798.888734511398
2019-01-29,2265.8532238745565,-360.45551723926206,4964.170346455981
2019-01-30,1796.5962226986449,-960.9249671055856,4407.9224314996545
2019-01-31,1209.4787199676475,-1436.562302275043,3953.331560357316
2019-02-01,1813.4932987402556,-889.153917072835,4594.491566589643
2019-02-02,2220.574627888507,-349.23391695190156,4869.756733596854
2019-02-03,1947.2274953757126,-849.5925149617722,4512.172102744917
2019-02-04,1793.960366414925,-1065.2643734924638,4481.857057107083
2019-02-05,2094.725461827463,-472.06242369794484,4804.167466753063
2019-02-06,1568.8623113210951,-1097.0871757469483,4275.902990288253
2019-02-07,929.2694730799681,-1687.8028738142707,3607.8695698233337
2019-02-08,1486.4215265433672,-1434.381224916952,4195.705193061593
2019-02-09,1853.6104756323566,-1010.78001649975,4521.336089315925
2019-02-10,1548.5409848585446,-1354.288706611996,4265.467478753957
2019-02-11,1372.7348233296893,-1347.4810770066804,4101.091214922419
2019-02-12,1660.9462229333835,-1041.9046004819486,4405.395033419293
2019-02-13,1133.0857089040128,-1622.2849211868083,3820.496870704344
2019-02-14,502.3775750617085,-2257.3894355517673,3386.778206232425
2019-02-15,1079.3684568357883,-1655.3480388792138,4125.42387526321
2019-02-16,1477.1663423358575,-1148.9637922381621,4055.255171592779
2019-02-17,1213.0394985745568,-1663.8419956534956,4050.5889381828238
2019-02-18,1087.8305930119247,-1570.2072009896292,4039.102752222641
2019-02-19,1435.3874749002348,-1138.598641013418,4309.069796512658
2019-02-20,974.5077920651447,-1717.4493620676817,3844.862481967726
2019-02-21,417.1221020034923,-2019.8695737755534,3303.497243756457
2019-02-22,1072.3322991811222,-1725.768723691963,3834.426326891942
2019-02-23,1551.683965950232,-1085.5859187902388,4265.645688036203
2019-02-24,1370.8013082020666,-1351.4559368006162,4218.412241423241
2019-02-25,1328.839077646222,-1556.8766983919704,3903.6254636419208
2019-02-26,1757.952026641855,-1029.1659598886156,4861.634337561288
2019-02-27,1375.2781356733994,-1228.3579805549819,4200.24600207366
2019-02-28,891.1593431779122,-1828.0570746913284,3594.746763065834
2019-03-01,1613.215700117911,-840.3401197963799,4445.196525434997
2019-03-02,2151.650709157346,-626.4913244746209,4972.1848666132155
2019-03-03,2020.9157349874652,-588.0413021397459,4685.392891833793
2019-03-04,2019.1872049072626,-843.8721879436912,4789.042483951256
2019-03-05,2477.8565712408895,-480.50214186417963,5060.661342751646
2019-03-06,2113.5288233594965,-462.6501098620401,4693.713135661234
2019-03-07,1636.252959143399,-1068.8659460644599,4216.95361845538
2019-03-08,2353.600157983753,-164.63528494331524,5084.347701029286
2019-03-09,2875.967377717697,189.98368225493812,5701.066587928311
2019-03-10,2718.2343672617635,193.12869514274766,5509.1608199612
2019-03-11,2679.2280579538265,-97.57452968199028,5464.255266236025
2019-03-12,3091.194680430667,411.380300476081,5784.4365789858875
2019-03-13,2671.7758905495402,-19.146368058165883,5469.252210868232
2019-03-14,2132.2129168665065,-703.9245548512771,5004.799376799476
2019-03-15,2781.395164858499,43.806670311168595,5507.401900276355
2019-03-16,3231.1317654971017,530.3928856127809,6175.4250160701395
2019-03-17,2997.774876821523,404.0309110363631,5648.615137958628
2019-03-18,2881.649549151554,249.92691723069467,5652.760848901751
2019-03-19,3216.491356812542,264.24961181628197,5992.222533154184
2019-03-20,2721.3889229090205,-61.574417772625,5418.3352170092685
2019-03-21,2108.9561581035914,-590.1225408301232,4868.839145689715
2019-03-22,2689.351402408569,-66.54324177151727,5435.346803816356
2019-03-23,3075.522638309594,225.6707466507697,5907.143883057112
2019-03-24,2784.808175004801,0.32974779877149357,5599.207121801369
2019-03-25,2618.3481021410357,-156.32623063555366,5360.329321585363
2019-03-26,2910.508089245747,243.63707687951975,5596.499763453061
2019-03-27,2380.812908391577,-365.2909894533126,5204.669595764672
2019-03-28,1742.1146250842871,-913.8263968734982,4451.7644704505265
2019-03-29,2304.6126422815305,-656.9674495356755,5246.475300492425
2019-03-30,2681.104635597685,-32.57066757753377,5307.292727452764
